trip_duration,start_date,end_date,start_station_id,end_station_id,bike_id,member_type,location_id
177,2/1/2019 0:00,2/1/2019 0:00,0198,0298,388.0,365 Standard,2
221,2/1/2019 0:00,2/1/2019 0:00,0193,0173,1880.0,365 Plus,2
3272,2/1/2019 0:00,2/1/2019 0:00,0063,0143,779.0,Vancity Community Pass,2
157,2/1/2019 0:00,2/1/2019 0:00,0064,0078,2123.0,365 Day Pass Plus SALE,2
516,1/31/2019 23:00,2/1/2019 0:00,0060,0196,444.0,365 Day Pass Plus SALE,2
347,1/31/2019 23:00,1/31/2019 23:00,0036,0032,743.0,365 Day Pass Plus SALE,2
344,1/31/2019 23:00,1/31/2019 23:00,0036,0032,156.0,365 Day Founding Standard,2
394,1/31/2019 23:00,1/31/2019 23:00,0076,0208,334.0,365 Day Pass Standard SALE,2
605,1/31/2019 23:00,2/1/2019 0:00,0197,0064,1319.0,365 Corporate Standard,2
445,1/31/2019 23:00,1/31/2019 23:00,0173,0064,2123.0,365 Standard,2
297,1/31/2019 23:00,1/31/2019 23:00,0034,0030,786.0,365 Standard,2
171,1/31/2019 23:00,1/31/2019 23:00,0125,0057,1057.0,365 Plus,2
1124,1/31/2019 23:00,1/31/2019 23:00,0176,0231,1464.0,365 Standard,2
812,1/31/2019 23:00,1/31/2019 23:00,0063,0076,334.0,365 Day Pass Standard SALE,2
221,1/31/2019 23:00,1/31/2019 23:00,0026,0078,929.0,365 Day Founding Standard,2
767,1/31/2019 23:00,1/31/2019 23:00,0014,0092,1694.0,365 Standard,2
1105,1/31/2019 23:00,1/31/2019 23:00,0199,0229,1738.0,Vancity Community Pass,2
271,1/31/2019 23:00,1/31/2019 23:00,0015,0036,1496.0,365 Standard,2
348,1/31/2019 23:00,1/31/2019 23:00,0066,0076,845.0,365 Day Pass Plus SALE,2
807,1/31/2019 23:00,1/31/2019 23:00,0012,0092,2124.0,90 Day,2
3397,1/31/2019 23:00,2/1/2019 0:00,0033,0063,779.0,Vancity Community Pass,2
490,1/31/2019 22:00,1/31/2019 23:00,0012,0137,245.0,90 Day,2
379,1/31/2019 22:00,1/31/2019 23:00,0078,0006,1338.0,365 Corporate Plus,2
550,1/31/2019 22:00,1/31/2019 23:00,0015,0088,346.0,365 Standard,2
708,1/31/2019 22:00,1/31/2019 23:00,0187,0033,779.0,Vancity Community Pass,2
196,1/31/2019 22:00,1/31/2019 22:00,0036,0187,1070.0,365 Day Founding Plus,2
895,1/31/2019 22:00,1/31/2019 23:00,0209,0138,428.0,365 Standard,2
344,1/31/2019 22:00,1/31/2019 22:00,0006,0053,1919.0,365 Standard,2
754,1/31/2019 22:00,1/31/2019 22:00,0017,0187,1275.0,365 Day Founding Plus,2
351,1/31/2019 22:00,1/31/2019 22:00,0196,0187,779.0,Vancity Community Pass,2
251,1/31/2019 22:00,1/31/2019 22:00,0055,0174,165.0,Archived Monthly Plus,2
781,1/31/2019 22:00,1/31/2019 22:00,0130,0257,612.0,Archived Monthly Basic,2
148,1/31/2019 22:00,1/31/2019 22:00,0076,0065,411.0,Vancity Community Pass,2
1123,1/31/2019 22:00,1/31/2019 22:00,0258,0138,1236.0,365 Standard,2
351,1/31/2019 22:00,1/31/2019 22:00,0050,0004,5.0,365 Day Founding Standard,2
404,1/31/2019 22:00,1/31/2019 22:00,0187,0137,921.0,365 Standard,2
396,1/31/2019 22:00,1/31/2019 22:00,0030,0004,927.0,365 Day Founding Plus,2
388,1/31/2019 22:00,1/31/2019 22:00,0012,0027,2029.0,365 Day Founding Standard,2
171,1/31/2019 22:00,1/31/2019 22:00,0009,0173,1530.0,365 Corporate Plus,2
386,1/31/2019 22:00,1/31/2019 22:00,0078,0053,351.0,365 Corporate Plus,2
846,1/31/2019 22:00,1/31/2019 22:00,0137,0174,1765.0,Archived Monthly Plus,2
239,1/31/2019 22:00,1/31/2019 22:00,0037,0015,346.0,365 Corporate Standard Renewal,2
1023,1/31/2019 21:00,1/31/2019 22:00,0236,0150,1284.0,Vancity Community Pass,2
224,1/31/2019 21:00,1/31/2019 21:00,0033,0092,240.0,90 Day,2
1031,1/31/2019 21:00,1/31/2019 22:00,0187,0187,463.0,365 Day Founding Plus,2
221,1/31/2019 21:00,1/31/2019 21:00,0072,0130,523.0,365 Day Pass Standard SALE,2
207,1/31/2019 21:00,1/31/2019 21:00,0036,0187,463.0,365 Day Founding Plus,2
880,1/31/2019 21:00,1/31/2019 21:00,0063,0054,1383.0,365 Day Pass Standard SALE,2
532,1/31/2019 21:00,1/31/2019 21:00,0078,0193,415.0,365 Corporate Standard,2
845,1/31/2019 21:00,1/31/2019 21:00,0019,0033,441.0,365 Day Pass Plus SALE,2
540,1/31/2019 21:00,1/31/2019 21:00,0196,0028,1968.0,365 Day Pass Plus SALE,2
671,1/31/2019 21:00,1/31/2019 21:00,0010,0167,2024.0,365 Day Founding Plus,2
724,1/31/2019 21:00,1/31/2019 21:00,0197,0143,317.0,365 Day Founding Standard,2
698,1/31/2019 21:00,1/31/2019 21:00,0098,0287,149.0,365 Standard,2
724,1/31/2019 21:00,1/31/2019 21:00,0064,0036,463.0,365 Day Pass Standard SALE,2
1081,1/31/2019 21:00,1/31/2019 21:00,0196,0287,716.0,365 Plus,2
2255,1/31/2019 21:00,1/31/2019 22:00,0017,0092,774.0,90 Day,2
198,1/31/2019 21:00,1/31/2019 21:00,0005,0167,1917.0,Archived Monthly Standard,2
214,1/31/2019 21:00,1/31/2019 21:00,0005,0167,1421.0,Archived Monthly Standard,2
662,1/31/2019 21:00,1/31/2019 21:00,0010,0071,1083.0,365 Day Founding Plus,2
439,1/31/2019 21:00,1/31/2019 21:00,0197,0006,1918.0,365 Corporate Plus Renewal,2
447,1/31/2019 21:00,1/31/2019 21:00,0021,0033,150.0,365 Day Pass Standard SALE,2
218,1/31/2019 21:00,1/31/2019 21:00,0229,0227,896.0,Vancity Community Pass,2
259,1/31/2019 21:00,1/31/2019 21:00,0229,0227,784.0,Vancity Community Pass,2
30,1/31/2019 21:00,1/31/2019 21:00,0229,0229,896.0,Vancity Community Pass,2
17,1/31/2019 21:00,1/31/2019 21:00,0229,0229,332.0,Vancity Community Pass,2
400,1/31/2019 21:00,1/31/2019 21:00,0229,0227,583.0,Vancity Community Pass,2
958,1/31/2019 21:00,1/31/2019 21:00,0001,0205,1203.0,365 Plus,2
275,1/31/2019 20:00,1/31/2019 21:00,0244,0265,596.0,365 Plus,2
720,1/31/2019 20:00,1/31/2019 21:00,0006,0137,1765.0,365 Standard,2
786,1/31/2019 20:00,1/31/2019 21:00,0017,0136,607.0,365 Day Pass Plus SALE,2
372,1/31/2019 20:00,1/31/2019 20:00,0011,0199,563.0,365 Day Pass Standard SALE,2
374,1/31/2019 20:00,1/31/2019 20:00,0209,0092,263.0,365 Standard,2
234,1/31/2019 20:00,1/31/2019 20:00,0057,0017,133.0,365 Day Pass Plus SALE,2
1076,1/31/2019 20:00,1/31/2019 21:00,0057,0136,794.0,365 Day Pass Plus SALE,2
2012,1/31/2019 20:00,1/31/2019 21:00,0092,0017,774.0,90 Day,2
597,1/31/2019 20:00,1/31/2019 21:00,0008,0166,763.0,90 Day,2
1131,1/31/2019 20:00,1/31/2019 21:00,0193,0167,385.0,365 Corporate Plus,2
199,1/31/2019 20:00,1/31/2019 20:00,0244,0283,2085.0,365 Day Founding Standard,2
544,1/31/2019 20:00,1/31/2019 20:00,0073,0053,31.0,365 Plus,2
337,1/31/2019 20:00,1/31/2019 20:00,0174,0171,1014.0,365 Plus,2
308,1/31/2019 20:00,1/31/2019 20:00,0187,0096,1211.0,365 Day Pass Plus SALE,2
393,1/31/2019 20:00,1/31/2019 20:00,0196,0069,1716.0,24 Hour,2
277,1/31/2019 20:00,1/31/2019 20:00,0036,0063,94.0,365 Day Pass Plus SALE,2
378,1/31/2019 20:00,1/31/2019 20:00,0081,0173,1283.0,365 Plus,2
232,1/31/2019 20:00,1/31/2019 20:00,0005,0199,1128.0,365 Day Founding Standard,2
471,1/31/2019 20:00,1/31/2019 20:00,0207,0125,398.0,365 Standard,2
225,1/31/2019 20:00,1/31/2019 20:00,0050,0123,496.0,365 Day Pass Standard SALE,2
567,1/31/2019 20:00,1/31/2019 20:00,0021,0033,1863.0,365 Standard,2
990,1/31/2019 20:00,1/31/2019 20:00,0027,0006,184.0,365 Corporate Plus,2
338,1/31/2019 20:00,1/31/2019 20:00,0054,0174,1014.0,365 Day Pass Standard SALE,2
329,1/31/2019 20:00,1/31/2019 20:00,0172,0119,391.0,365 Corporate Plus,2
573,1/31/2019 20:00,1/31/2019 20:00,0004,0019,441.0,365 Corporate Plus,2
1802,1/31/2019 20:00,1/31/2019 21:00,0063,0134,1163.0,24 Hour,2
1810,1/31/2019 20:00,1/31/2019 21:00,0063,0134,229.0,24 Hour,2
378,1/31/2019 20:00,1/31/2019 20:00,0196,0088,1178.0,365 Day Founding Standard,2
1820,1/31/2019 20:00,1/31/2019 21:00,0063,0134,1963.0,24 Hour,2
562,1/31/2019 20:00,1/31/2019 20:00,0001,0130,191.0,90 Day,2
512,1/31/2019 20:00,1/31/2019 20:00,0099,0005,1947.0,90 Day,2
519,1/31/2019 20:00,1/31/2019 20:00,0208,0159,830.0,90 Day,2
748,1/31/2019 20:00,1/31/2019 20:00,0207,0137,489.0,365 Standard,2
599,1/31/2019 20:00,1/31/2019 20:00,0099,0083,243.0,365 Day Founding Plus,2
490,1/31/2019 20:00,1/31/2019 20:00,0129,0137,566.0,365 Standard,2
729,1/31/2019 20:00,1/31/2019 20:00,0008,0109,1491.0,365 Standard,2
246,1/31/2019 20:00,1/31/2019 20:00,0039,0004,408.0,365 Plus,2
1116,1/31/2019 20:00,1/31/2019 20:00,0001,0283,66.0,365 Corporate Plus,2
1244,1/31/2019 20:00,1/31/2019 20:00,0016,0070,1387.0,365 Day Founding Standard,2
926,1/31/2019 20:00,1/31/2019 20:00,0240,0167,1078.0,24 Hour,2
2204,1/31/2019 20:00,1/31/2019 20:00,0222,0232,1167.0,Vancity Community Pass,2
248,1/31/2019 20:00,1/31/2019 20:00,0080,0001,1162.0,365 Corporate Standard,2
1063,1/31/2019 20:00,1/31/2019 20:00,0205,0193,807.0,365 Day Founding Standard,2
1221,1/31/2019 20:00,1/31/2019 20:00,0070,0193,152.0,365 Day Founding Standard,2
830,1/31/2019 20:00,1/31/2019 20:00,0238,0052,16.0,365 Standard,2
307,1/31/2019 20:00,1/31/2019 20:00,0050,0019,409.0,365 Day Founding Plus,2
953,1/31/2019 20:00,1/31/2019 20:00,0011,0078,351.0,365 Day Pass Standard SALE,2
23,1/31/2019 20:00,1/31/2019 20:00,0011,0011,351.0,365 Day Pass Standard SALE,2
366,1/31/2019 20:00,1/31/2019 20:00,0244,0231,1073.0,365 Day Pass Plus SALE,2
498,1/31/2019 20:00,1/31/2019 20:00,0230,0280,177.0,365 Standard,2
17,1/31/2019 20:00,1/31/2019 20:00,0230,0230,177.0,365 Standard,2
801,1/31/2019 20:00,1/31/2019 20:00,0050,0199,1010.0,365 Day Pass Plus SALE,2
1648,1/31/2019 20:00,1/31/2019 20:00,0123,0044,2113.0,365 Corporate Plus,2
404,1/31/2019 20:00,1/31/2019 20:00,0140,0159,465.0,365 Corporate Standard,2
709,1/31/2019 20:00,1/31/2019 20:00,0014,0063,1963.0,24 Hour,2
711,1/31/2019 20:00,1/31/2019 20:00,0014,0063,229.0,24 Hour,2
329,1/31/2019 20:00,1/31/2019 20:00,0218,0174,211.0,365 Plus,2
405,1/31/2019 20:00,1/31/2019 20:00,0015,0088,568.0,365 Standard,2
521,1/31/2019 19:00,1/31/2019 20:00,0004,0011,579.0,365 Day Founding Standard,2
754,1/31/2019 19:00,1/31/2019 20:00,0014,0063,1163.0,24 Hour,2
625,1/31/2019 19:00,1/31/2019 20:00,0109,0081,827.0,365 Day Founding Standard,2
1061,1/31/2019 19:00,1/31/2019 20:00,0199,0082,1535.0,365 Day Pass Standard SALE,2
354,1/31/2019 19:00,1/31/2019 20:00,0082,0187,921.0,365 Day Founding Standard,2
1605,1/31/2019 19:00,1/31/2019 20:00,0159,0196,1716.0,365 Corporate Plus,2
799,1/31/2019 19:00,1/31/2019 20:00,0008,0229,1065.0,365 Day Founding Standard,2
371,1/31/2019 19:00,1/31/2019 20:00,0112,0008,763.0,90 Day,2
479,1/31/2019 19:00,1/31/2019 20:00,0064,0073,575.0,365 Corporate Standard Renewal,2
120,1/31/2019 19:00,1/31/2019 19:00,0241,0250,1638.0,Vancity Community Pass,2
684,1/31/2019 19:00,1/31/2019 20:00,0021,0199,1738.0,365 Day Pass Plus SALE,2
1458,1/31/2019 19:00,1/31/2019 20:00,0063,0222,1167.0,365 Standard,2
720,1/31/2019 19:00,1/31/2019 20:00,0028,0139,1741.0,365 Day Pass Standard SALE,2
476,1/31/2019 19:00,1/31/2019 19:00,0019,0005,1917.0,365 Day Pass Plus SALE,2
213,1/31/2019 19:00,1/31/2019 19:00,0173,0006,1680.0,365 Day Founding Standard,2
749,1/31/2019 19:00,1/31/2019 19:00,0112,0064,1215.0,365 Day Founding Plus,2
17,1/31/2019 19:00,1/31/2019 19:00,0019,0019,1917.0,365 Day Pass Plus SALE,2
522,1/31/2019 19:00,1/31/2019 19:00,0019,0005,1418.0,365 Day Pass Plus SALE,2
644,1/31/2019 19:00,1/31/2019 19:00,0011,0052,998.0,24 Hour,2
562,1/31/2019 19:00,1/31/2019 19:00,0125,0011,1920.0,365 Corporate Standard,2
6307,1/31/2019 19:00,1/31/2019 21:00,0207,0058,1934.0,365 Corporate Plus Renewal,2
794,1/31/2019 19:00,1/31/2019 19:00,0027,0108,1179.0,365 Day Pass Standard SALE,2
158,1/31/2019 19:00,1/31/2019 19:00,0065,0076,835.0,Vancity Community Pass,2
791,1/31/2019 19:00,1/31/2019 19:00,0081,0079,445.0,365 Standard,2
1469,1/31/2019 19:00,1/31/2019 20:00,0008,0187,1027.0,365 Corporate Plus Renewal,2
217,1/31/2019 19:00,1/31/2019 19:00,0274,0245,822.0,365 Day Pass Standard SALE,2
536,1/31/2019 19:00,1/31/2019 19:00,0099,0050,496.0,365 Day Founding Standard,2
660,1/31/2019 19:00,1/31/2019 19:00,0066,0055,544.0,365 Standard,2
339,1/31/2019 19:00,1/31/2019 19:00,0171,0174,1145.0,365 Day Pass Standard SALE,2
1445,1/31/2019 19:00,1/31/2019 19:00,0014,0014,229.0,24 Hour,2
1536,1/31/2019 19:00,1/31/2019 20:00,0014,0014,1963.0,24 Hour,2
1470,1/31/2019 19:00,1/31/2019 19:00,0014,0014,1163.0,24 Hour,2
581,1/31/2019 19:00,1/31/2019 19:00,0165,0064,1621.0,365 Day Pass Plus SALE,2
466,1/31/2019 19:00,1/31/2019 19:00,0126,0065,1397.0,365 Day Pass Standard SALE,2
292,1/31/2019 19:00,1/31/2019 19:00,0016,0037,129.0,365 Standard,2
294,1/31/2019 19:00,1/31/2019 19:00,0036,0187,1514.0,365 Day Pass Standard SALE,2
628,1/31/2019 19:00,1/31/2019 19:00,0108,0060,1782.0,365 Day Pass Plus SALE,2
314,1/31/2019 19:00,1/31/2019 19:00,0033,0028,620.0,365 Corporate Plus,2
949,1/31/2019 19:00,1/31/2019 19:00,0165,0082,1192.0,365 Corporate Plus,2
584,1/31/2019 19:00,1/31/2019 19:00,0008,0005,155.0,365 Corporate Plus,2
435,1/31/2019 19:00,1/31/2019 19:00,0002,0053,948.0,365 Day Pass Plus SALE,2
1880,1/31/2019 19:00,1/31/2019 19:00,0167,0150,226.0,Vancity Community Pass,2
470,1/31/2019 19:00,1/31/2019 19:00,0063,0137,1413.0,365 Day Founding Standard,2
1336,1/31/2019 19:00,1/31/2019 19:00,0009,0028,1741.0,365 Day Pass Standard SALE,2
423,1/31/2019 19:00,1/31/2019 19:00,0002,0187,1272.0,365 Day Pass Plus SALE,2
963,1/31/2019 19:00,1/31/2019 19:00,0167,0001,1531.0,90 Day,2
646,1/31/2019 19:00,1/31/2019 19:00,0165,0134,1341.0,365 Standard,2
845,1/31/2019 19:00,1/31/2019 19:00,0165,0037,802.0,365 Corporate Standard,2
1397,1/31/2019 19:00,1/31/2019 19:00,0063,0082,872.0,Vancity Community Pass,2
466,1/31/2019 19:00,1/31/2019 19:00,0073,0053,1493.0,Archived Monthly Standard,2
520,1/31/2019 19:00,1/31/2019 19:00,0063,0030,87.0,365 Standard,2
313,1/31/2019 19:00,1/31/2019 19:00,0227,0229,176.0,Vancity Community Pass,2
21,1/31/2019 19:00,1/31/2019 19:00,0227,0227,176.0,Vancity Community Pass,2
374,1/31/2019 19:00,1/31/2019 19:00,0227,0229,1923.0,Vancity Community Pass,2
551,1/31/2019 19:00,1/31/2019 19:00,0008,0055,1653.0,365 Day Pass Standard SALE,2
366,1/31/2019 19:00,1/31/2019 19:00,0109,0066,544.0,365 Day Pass Plus SALE,2
17,1/31/2019 19:00,1/31/2019 19:00,0227,0227,1923.0,Vancity Community Pass,2
370,1/31/2019 19:00,1/31/2019 19:00,0126,0190,1109.0,365 Corporate Plus,2
550,1/31/2019 19:00,1/31/2019 19:00,0016,0187,308.0,365 Day Founding Standard,2
1554,1/31/2019 19:00,1/31/2019 19:00,0198,0198,388.0,365 Standard,2
1053,1/31/2019 19:00,1/31/2019 19:00,0063,0048,1036.0,365 Plus,2
244,1/31/2019 19:00,1/31/2019 19:00,0078,0006,2023.0,365 Day Founding Standard,2
893,1/31/2019 19:00,1/31/2019 19:00,0004,0119,1942.0,365 Plus,2
1123,1/31/2019 19:00,1/31/2019 19:00,0063,0048,11.0,365 Corporate Plus,2
292,1/31/2019 19:00,1/31/2019 19:00,0187,0036,1514.0,365 Day Pass Standard SALE,2
611,1/31/2019 19:00,1/31/2019 19:00,0196,0066,1440.0,365 Day Pass Standard SALE,2
506,1/31/2019 19:00,1/31/2019 19:00,0174,0218,1120.0,365 Day Pass Standard SALE,2
295,1/31/2019 19:00,1/31/2019 19:00,0074,0174,820.0,365 Plus,2
645,1/31/2019 19:00,1/31/2019 19:00,0024,0033,620.0,365 Corporate Plus,2
397,1/31/2019 19:00,1/31/2019 19:00,0099,0035,1318.0,365 Corporate Plus,2
350,1/31/2019 19:00,1/31/2019 19:00,0019,0082,1829.0,365 Plus,2
583,1/31/2019 19:00,1/31/2019 19:00,0172,0297,1922.0,365 Corporate Plus Renewal,2
511,1/31/2019 19:00,1/31/2019 19:00,0230,0193,520.0,365 Corporate Standard,2
188,1/31/2019 19:00,1/31/2019 19:00,0019,0036,94.0,365 Corporate Plus,2
208,1/31/2019 19:00,1/31/2019 19:00,0036,0187,225.0,365 Plus,2
996,1/31/2019 19:00,1/31/2019 19:00,0027,0140,479.0,365 Corporate Standard,2
262,1/31/2019 19:00,1/31/2019 19:00,0055,0011,60.0,365 Day Pass Standard SALE,2
685,1/31/2019 19:00,1/31/2019 19:00,0039,0125,1057.0,365 Day Founding Standard,2
316,1/31/2019 19:00,1/31/2019 19:00,0150,0053,751.0,365 Day Pass Plus SALE,2
954,1/31/2019 19:00,1/31/2019 19:00,0032,0004,441.0,365 Corporate Plus,2
537,1/31/2019 19:00,1/31/2019 19:00,0052,0063,87.0,365 Standard,2
600,1/31/2019 19:00,1/31/2019 19:00,0053,0129,566.0,365 Day Pass Standard SALE,2
376,1/31/2019 18:00,1/31/2019 19:00,0015,0207,1934.0,365 Day Pass Standard SALE,2
486,1/31/2019 18:00,1/31/2019 19:00,0159,0159,376.0,Archived Monthly Standard,2
443,1/31/2019 18:00,1/31/2019 19:00,0019,0032,1930.0,365 Corporate Standard Renewal,2
1670,1/31/2019 18:00,1/31/2019 19:00,0140,0009,683.0,365 Day Pass Standard SALE,2
481,1/31/2019 18:00,1/31/2019 19:00,0167,0015,568.0,365 Day Pass Plus SALE,2
895,1/31/2019 18:00,1/31/2019 19:00,0138,0209,428.0,365 Standard,2
253,1/31/2019 18:00,1/31/2019 19:00,0186,0107,1720.0,VIP,2
980,1/31/2019 18:00,1/31/2019 19:00,0078,0073,762.0,365 Day Founding Plus,2
515,1/31/2019 18:00,1/31/2019 19:00,0087,0063,11.0,365 Standard,2
1044,1/31/2019 18:00,1/31/2019 19:00,0078,0073,1333.0,365 Plus,2
444,1/31/2019 18:00,1/31/2019 19:00,0009,0011,687.0,24 Hour,2
388,1/31/2019 18:00,1/31/2019 19:00,0063,0196,779.0,365 Standard,2
930,1/31/2019 18:00,1/31/2019 19:00,0052,0223,580.0,365 Day Pass Plus SALE,2
1032,1/31/2019 18:00,1/31/2019 19:00,0198,0057,1539.0,VIP,2
308,1/31/2019 18:00,1/31/2019 18:00,0092,0209,263.0,365 Standard,2
571,1/31/2019 18:00,1/31/2019 19:00,0230,0193,923.0,365 Plus,2
1202,1/31/2019 18:00,1/31/2019 19:00,0123,0197,1918.0,365 Corporate Plus,2
1453,1/31/2019 18:00,1/31/2019 19:00,0150,0108,1782.0,365 Day Pass Plus SALE,2
395,1/31/2019 18:00,1/31/2019 18:00,0196,0099,1947.0,365 Plus,2
732,1/31/2019 18:00,1/31/2019 19:00,0078,0011,351.0,365 Day Pass Standard SALE,2
459,1/31/2019 18:00,1/31/2019 18:00,0063,0096,162.0,90 Day,2
405,1/31/2019 18:00,1/31/2019 18:00,0073,0053,145.0,365 Day Pass Plus SALE,2
663,1/31/2019 18:00,1/31/2019 18:00,0193,0078,1204.0,365 Standard,2
1029,1/31/2019 18:00,1/31/2019 19:00,0171,0112,1215.0,365 Day Pass Plus SALE,2
335,1/31/2019 18:00,1/31/2019 18:00,0078,0005,1128.0,365 Corporate Plus,2
1056,1/31/2019 18:00,1/31/2019 19:00,0080,0137,1244.0,365 Standard,2
146,1/31/2019 18:00,1/31/2019 18:00,0032,0060,485.0,365 Standard,2
872,1/31/2019 18:00,1/31/2019 18:00,0073,0084,188.0,365 Day Pass Plus SALE,2
611,1/31/2019 18:00,1/31/2019 18:00,0044,0123,2113.0,365 Corporate Plus,2
412,1/31/2019 18:00,1/31/2019 18:00,0082,0088,914.0,365 Corporate Plus,2
219,1/31/2019 18:00,1/31/2019 18:00,0261,0246,844.0,365 Plus,2
292,1/31/2019 18:00,1/31/2019 18:00,0139,0069,1388.0,365 Day Founding Plus,2
1043,1/31/2019 18:00,1/31/2019 18:00,0030,0222,1634.0,VIP,2
776,1/31/2019 18:00,1/31/2019 18:00,0171,0052,1903.0,365 Corporate Plus,2
280,1/31/2019 18:00,1/31/2019 18:00,0253,0225,1666.0,Vancity Community Pass,2
218,1/31/2019 18:00,1/31/2019 18:00,0063,0026,304.0,365 Plus,2
607,1/31/2019 18:00,1/31/2019 18:00,0143,0009,687.0,24 Hour,2
122,1/31/2019 18:00,1/31/2019 18:00,0159,0204,833.0,365 Standard,2
390,1/31/2019 18:00,1/31/2019 18:00,0036,0025,437.0,365 Day Pass Standard SALE,2
966,1/31/2019 18:00,1/31/2019 18:00,0165,0037,1411.0,365 Corporate Plus,2
2405,1/31/2019 18:00,1/31/2019 19:00,0138,0088,1015.0,365 Plus,2
384,1/31/2019 18:00,1/31/2019 18:00,0066,0010,179.0,Archived Monthly Standard,2
1121,1/31/2019 18:00,1/31/2019 18:00,0136,0005,1808.0,24 Hour,2
1116,1/31/2019 18:00,1/31/2019 18:00,0136,0005,1086.0,24 Hour,2
2799,1/31/2019 18:00,1/31/2019 19:00,0033,0063,872.0,Vancity Community Pass,2
551,1/31/2019 18:00,1/31/2019 18:00,0004,0030,2032.0,365 Day Pass Standard SALE,2
746,1/31/2019 18:00,1/31/2019 18:00,0174,0137,1544.0,Archived Monthly Plus,2
807,1/31/2019 18:00,1/31/2019 18:00,0063,0011,1068.0,365 Plus,2
264,1/31/2019 18:00,1/31/2019 18:00,0173,0006,1117.0,365 Standard,2
1006,1/31/2019 18:00,1/31/2019 18:00,0016,0076,279.0,365 Standard,2
1066,1/31/2019 18:00,1/31/2019 18:00,0063,0076,2091.0,365 Standard,2
858,1/31/2019 18:00,1/31/2019 18:00,0235,0229,997.0,Vancity Community Pass,2
178,1/31/2019 18:00,1/31/2019 18:00,0001,0176,1793.0,365 Day Founding Plus,2
800,1/31/2019 18:00,1/31/2019 18:00,0227,0197,943.0,365 Plus,2
350,1/31/2019 18:00,1/31/2019 18:00,0012,0044,693.0,365 Standard,2
21,1/31/2019 18:00,1/31/2019 18:00,0174,0174,118.0,VIP,2
1314,1/31/2019 18:00,1/31/2019 18:00,0112,0205,807.0,365 Day Pass Plus SALE,2
231,1/31/2019 18:00,1/31/2019 18:00,0050,0032,485.0,365 Standard,2
332,1/31/2019 18:00,1/31/2019 18:00,0025,0005,1261.0,Archived Monthly Standard,2
218,1/31/2019 18:00,1/31/2019 18:00,0006,0173,1670.0,365 Corporate Standard,2
264,1/31/2019 18:00,1/31/2019 18:00,0165,0011,1763.0,365 Standard,2
8894,1/31/2019 18:00,1/31/2019 20:00,0231,0235,2107.0,VIP,2
420,1/31/2019 18:00,1/31/2019 18:00,0126,0092,263.0,365 Day Pass Standard SALE,2
627,1/31/2019 18:00,1/31/2019 18:00,0005,0238,513.0,365 Day Founding Standard,2
559,1/31/2019 18:00,1/31/2019 18:00,0002,0032,446.0,365 Corporate Plus,2
594,1/31/2019 18:00,1/31/2019 18:00,0033,0021,819.0,365 Day Pass Standard SALE,2
208,1/31/2019 18:00,1/31/2019 18:00,0125,0005,173.0,365 Corporate Plus,2
899,1/31/2019 18:00,1/31/2019 18:00,0125,0222,1259.0,365 Corporate Standard,2
575,1/31/2019 18:00,1/31/2019 18:00,0057,0044,2113.0,365 Day Pass Plus SALE,2
807,1/31/2019 18:00,1/31/2019 18:00,0039,0204,1547.0,365 Corporate Plus Renewal,2
399,1/31/2019 18:00,1/31/2019 18:00,0037,0207,398.0,365 Corporate Plus Renewal,2
1263,1/31/2019 18:00,1/31/2019 18:00,0024,0208,830.0,365 Standard,2
526,1/31/2019 18:00,1/31/2019 18:00,0012,0148,109.0,365 Day Founding Plus,2
725,1/31/2019 18:00,1/31/2019 18:00,0016,0006,37.0,365 Standard,2
1106,1/31/2019 18:00,1/31/2019 18:00,0102,0136,1086.0,24 Hour,2
1414,1/31/2019 18:00,1/31/2019 18:00,0099,0208,1726.0,365 Standard,2
181,1/31/2019 18:00,1/31/2019 18:00,0006,0173,1680.0,365 Day Founding Standard,2
1188,1/31/2019 18:00,1/31/2019 18:00,0102,0136,1808.0,24 Hour,2
197,1/31/2019 18:00,1/31/2019 18:00,0193,0173,539.0,365 Day Founding Plus,2
118,1/31/2019 18:00,1/31/2019 18:00,0238,0197,1848.0,365 Corporate Plus,2
373,1/31/2019 18:00,1/31/2019 18:00,0005,0004,1484.0,365 Day Founding Standard,2
827,1/31/2019 18:00,1/31/2019 18:00,0123,0098,652.0,Archived Monthly Standard,2
245,1/31/2019 18:00,1/31/2019 18:00,0005,0027,1376.0,90 Day,2
584,1/31/2019 18:00,1/31/2019 18:00,0230,0035,1935.0,365 Day Pass Standard SALE,2
333,1/31/2019 18:00,1/31/2019 18:00,0172,0186,396.0,365 Standard,2
368,1/31/2019 18:00,1/31/2019 18:00,0037,0088,811.0,Archived Monthly Plus,2
747,1/31/2019 18:00,1/31/2019 18:00,0098,0008,1491.0,365 Corporate Standard,2
655,1/31/2019 18:00,1/31/2019 18:00,0015,0233,1260.0,365 Corporate Plus,2
684,1/31/2019 18:00,1/31/2019 18:00,0193,0236,450.0,365 Corporate Standard,2
565,1/31/2019 18:00,1/31/2019 18:00,0165,0079,55.0,365 Corporate Plus,2
319,1/31/2019 18:00,1/31/2019 18:00,0063,0050,485.0,Archived Monthly Standard,2
5459,1/31/2019 18:00,1/31/2019 19:00,0010,0009,589.0,365 Day Founding Plus,2
1044,1/31/2019 18:00,1/31/2019 18:00,0280,0098,149.0,365 Standard,2
1073,1/31/2019 18:00,1/31/2019 18:00,0114,0099,496.0,365 Standard,2
164,1/31/2019 18:00,1/31/2019 18:00,0050,0096,1007.0,365 Day Founding Plus,2
651,1/31/2019 18:00,1/31/2019 18:00,0187,0024,830.0,365 Day Founding Standard,2
715,1/31/2019 18:00,1/31/2019 18:00,0201,0196,1947.0,365 Day Pass Plus SALE,2
560,1/31/2019 18:00,1/31/2019 18:00,0187,0015,1934.0,365 Day Founding Plus,2
469,1/31/2019 18:00,1/31/2019 18:00,0221,0199,1214.0,365 Corporate Plus,2
313,1/31/2019 18:00,1/31/2019 18:00,0078,0006,1670.0,365 Corporate Standard,2
18,1/31/2019 18:00,1/31/2019 18:00,0187,0187,662.0,365 Day Founding Standard,2
657,1/31/2019 18:00,1/31/2019 18:00,0073,0257,2057.0,90 Day,2
624,1/31/2019 18:00,1/31/2019 18:00,0078,0206,966.0,365 Day Pass Standard SALE,2
666,1/31/2019 18:00,1/31/2019 18:00,0053,0230,177.0,90 Day,2
55261,1/31/2019 18:00,2/1/2019 9:00,0001,0236,1400.0,365 Corporate Plus,2
207,1/31/2019 18:00,1/31/2019 18:00,0187,0032,88.0,365 Day Founding Standard,2
524,1/31/2019 18:00,1/31/2019 18:00,0014,0033,1298.0,365 Day Founding Standard,2
823,1/31/2019 18:00,1/31/2019 18:00,0193,0039,1057.0,365 Corporate Standard,2
454,1/31/2019 18:00,1/31/2019 18:00,0193,0143,401.0,365 Corporate Standard,2
16,1/31/2019 18:00,1/31/2019 18:00,0193,0193,1057.0,365 Corporate Standard,2
618,1/31/2019 18:00,1/31/2019 18:00,0005,0196,1440.0,365 Standard,2
1233,1/31/2019 18:00,1/31/2019 18:00,0069,0218,452.0,365 Corporate Standard,2
139,1/31/2019 18:00,1/31/2019 18:00,0081,0006,1778.0,365 Corporate Plus,2
409,1/31/2019 18:00,1/31/2019 18:00,0190,0019,1829.0,365 Day Pass Plus SALE,2
390,1/31/2019 18:00,1/31/2019 18:00,0055,0229,828.0,Vancity Community Pass,2
555,1/31/2019 18:00,1/31/2019 18:00,0098,0057,2113.0,365 Standard,2
503,1/31/2019 18:00,1/31/2019 18:00,0099,0087,1795.0,Archived Monthly Standard,2
608,1/31/2019 18:00,1/31/2019 18:00,0026,0193,577.0,365 Corporate Standard,2
434,1/31/2019 18:00,1/31/2019 18:00,0007,0081,258.0,365 Day Founding Standard,2
630,1/31/2019 18:00,1/31/2019 18:00,0063,0204,932.0,365 Corporate Plus Renewal,2
847,1/31/2019 18:00,1/31/2019 18:00,0012,0099,1726.0,365 Standard,2
1360,1/31/2019 18:00,1/31/2019 18:00,0167,0139,377.0,365 Day Founding Plus,2
1066,1/31/2019 18:00,1/31/2019 18:00,0208,0050,1010.0,Archived Monthly Plus,2
640,1/31/2019 18:00,1/31/2019 18:00,0221,0053,1383.0,365 Day Pass Plus SALE,2
857,1/31/2019 17:00,1/31/2019 18:00,0205,0174,2045.0,365 Day Pass Standard SALE,2
1265,1/31/2019 17:00,1/31/2019 18:00,0199,0077,588.0,365 Standard,2
439,1/31/2019 17:00,1/31/2019 18:00,0136,0083,1384.0,365 Standard,2
888,1/31/2019 17:00,1/31/2019 18:00,0136,0218,321.0,24 Hour,2
537,1/31/2019 17:00,1/31/2019 18:00,0107,0053,1102.0,365 Day Pass Standard SALE,2
655,1/31/2019 17:00,1/31/2019 18:00,0173,0004,579.0,365 Day Founding Standard,2
265,1/31/2019 17:00,1/31/2019 18:00,0036,0088,1379.0,365 Plus,2
118,1/31/2019 17:00,1/31/2019 17:00,0238,0197,675.0,365 Corporate Plus Renewal,2
2575,1/31/2019 17:00,1/31/2019 18:00,0102,0024,620.0,365 Day Founding Plus,2
195,1/31/2019 17:00,1/31/2019 18:00,0064,0004,1623.0,365 Plus,2
287,1/31/2019 17:00,1/31/2019 18:00,0137,0004,1532.0,365 Standard,2
2381,1/31/2019 17:00,1/31/2019 18:00,0105,0033,872.0,Vancity Community Pass,2
509,1/31/2019 17:00,1/31/2019 18:00,0025,0199,592.0,365 Day Pass Standard SALE,2
361,1/31/2019 17:00,1/31/2019 18:00,0002,0088,1499.0,365 Day Founding Plus,2
257,1/31/2019 17:00,1/31/2019 18:00,0011,0218,1759.0,365 Plus,2
526,1/31/2019 17:00,1/31/2019 18:00,0025,0199,1464.0,365 Day Founding Plus,2
651,1/31/2019 17:00,1/31/2019 18:00,0001,0054,75.0,365 Standard,2
368,1/31/2019 17:00,1/31/2019 18:00,0057,0137,355.0,365 Standard,2
446,1/31/2019 17:00,1/31/2019 18:00,0108,0081,1283.0,365 Standard,2
409,1/31/2019 17:00,1/31/2019 18:00,0079,0199,1535.0,365 Day Pass Standard SALE,2
287,1/31/2019 17:00,1/31/2019 17:00,0096,0019,1917.0,365 Day Founding Plus,2
300,1/31/2019 17:00,1/31/2019 17:00,0287,0236,1284.0,365 Corporate Standard,2
797,1/31/2019 17:00,1/31/2019 18:00,0017,0233,680.0,365 Day Founding Standard,2
602,1/31/2019 17:00,1/31/2019 18:00,0101,0096,235.0,365 Day Founding Plus,2
716,1/31/2019 17:00,1/31/2019 18:00,0153,0060,591.0,365 Day Pass Standard SALE,2
531,1/31/2019 17:00,1/31/2019 18:00,0125,0014,1694.0,365 Corporate Standard,2
1025,1/31/2019 17:00,1/31/2019 18:00,0004,0028,1356.0,365 Day Founding Standard,2
1640,1/31/2019 17:00,1/31/2019 18:00,0033,0021,1100.0,24 Hour,2
1649,1/31/2019 17:00,1/31/2019 18:00,0033,0021,805.0,24 Hour,2
1629,1/31/2019 17:00,1/31/2019 18:00,0033,0021,1381.0,24 Hour,2
1407,1/31/2019 17:00,1/31/2019 18:00,0033,0014,1106.0,24 Hour,2
1660,1/31/2019 17:00,1/31/2019 18:00,0033,0021,20.0,24 Hour,2
847,1/31/2019 17:00,1/31/2019 18:00,0165,0139,1092.0,365 Day Pass Plus SALE,2
842,1/31/2019 17:00,1/31/2019 18:00,0002,0173,663.0,365 Corporate Standard,2
971,1/31/2019 17:00,1/31/2019 18:00,0102,0105,2076.0,24 Hour,2
8183,1/31/2019 17:00,1/31/2019 20:00,0006,0073,1217.0,VIP,2
927,1/31/2019 17:00,1/31/2019 18:00,0092,0014,503.0,365 Standard,2
522,1/31/2019 17:00,1/31/2019 17:00,0098,0016,279.0,365 Day Founding Plus,2
838,1/31/2019 17:00,1/31/2019 18:00,0224,0174,449.0,365 Standard,2
320,1/31/2019 17:00,1/31/2019 17:00,0053,0167,226.0,365 Day Founding Plus,2
683,1/31/2019 17:00,1/31/2019 17:00,0238,0017,761.0,365 Standard,2
613,1/31/2019 17:00,1/31/2019 17:00,0039,0199,588.0,365 Standard,2
1959,1/31/2019 17:00,1/31/2019 18:00,0105,0102,1086.0,24 Hour,2
1260,1/31/2019 17:00,1/31/2019 18:00,0222,0082,956.0,365 Plus,2
1979,1/31/2019 17:00,1/31/2019 18:00,0105,0102,1808.0,24 Hour,2
445,1/31/2019 17:00,1/31/2019 17:00,0004,0012,109.0,365 Plus,2
754,1/31/2019 17:00,1/31/2019 17:00,0150,0019,94.0,365 Day Pass Plus SALE,2
711,1/31/2019 17:00,1/31/2019 17:00,0073,0053,710.0,365 Standard,2
342,1/31/2019 17:00,1/31/2019 17:00,0129,0137,262.0,365 Day Founding Plus,2
797,1/31/2019 17:00,1/31/2019 17:00,0037,0010,1542.0,365 Day Founding Plus,2
954,1/31/2019 17:00,1/31/2019 17:00,0246,0134,1134.0,90 Day,2
624,1/31/2019 17:00,1/31/2019 17:00,0238,0053,765.0,365 Standard,2
271,1/31/2019 17:00,1/31/2019 17:00,0230,0052,232.0,365 Plus,2
1337,1/31/2019 17:00,1/31/2019 18:00,0254,0140,683.0,VIP,2
793,1/31/2019 17:00,1/31/2019 17:00,0004,0028,1615.0,365 Day Founding Plus,2
257,1/31/2019 17:00,1/31/2019 17:00,0012,0138,1015.0,365 Standard,2
478,1/31/2019 17:00,1/31/2019 17:00,0006,0193,385.0,365 Day Pass Plus SALE,2
832,1/31/2019 17:00,1/31/2019 17:00,0004,0028,2124.0,365 Day Founding Plus,2
797,1/31/2019 17:00,1/31/2019 17:00,0193,0081,1778.0,365 Standard,2
437,1/31/2019 17:00,1/31/2019 17:00,0053,0006,1919.0,365 Standard,2
555,1/31/2019 17:00,1/31/2019 17:00,0088,0017,680.0,365 Day Founding Plus,2
665,1/31/2019 17:00,1/31/2019 17:00,0201,0082,921.0,365 Standard,2
850,1/31/2019 17:00,1/31/2019 17:00,0006,0221,1383.0,365 Plus,2
484,1/31/2019 17:00,1/31/2019 17:00,0015,0050,1007.0,365 Standard,2
1425,1/31/2019 17:00,1/31/2019 18:00,0199,0096,1775.0,365 Day Pass Standard SALE,2
253,1/31/2019 17:00,1/31/2019 17:00,0239,0224,132.0,365 Corporate Standard,2
8899,1/31/2019 17:00,1/31/2019 20:00,0069,0139,1055.0,365 Day Pass Standard SALE,2
935,1/31/2019 17:00,1/31/2019 17:00,0171,0167,1531.0,90 Day,2
1343,1/31/2019 17:00,1/31/2019 17:00,0266,0136,296.0,365 Standard,2
471,1/31/2019 17:00,1/31/2019 17:00,0088,0021,43.0,365 Standard,2
2361,1/31/2019 17:00,1/31/2019 18:00,0227,0227,1443.0,Vancity Community Pass,2
822,1/31/2019 17:00,1/31/2019 17:00,0007,0153,342.0,365 Corporate Plus,2
785,1/31/2019 17:00,1/31/2019 17:00,0138,0167,377.0,Vancity Community Pass,2
300,1/31/2019 17:00,1/31/2019 17:00,0087,0196,1090.0,365 Day Pass Plus SALE,2
349,1/31/2019 17:00,1/31/2019 17:00,0034,0052,971.0,365 Standard,2
496,1/31/2019 17:00,1/31/2019 17:00,0098,0015,1260.0,365 Standard,2
520,1/31/2019 17:00,1/31/2019 17:00,0081,0058,657.0,365 Standard,2
420,1/31/2019 17:00,1/31/2019 17:00,0089,0048,379.0,Archived Monthly Plus,2
697,1/31/2019 17:00,1/31/2019 17:00,0058,0073,31.0,VIP,2
588,1/31/2019 17:00,1/31/2019 17:00,0039,0004,109.0,365 Day Founding Standard,2
743,1/31/2019 17:00,1/31/2019 17:00,0058,0073,145.0,VIP,2
1352,1/31/2019 17:00,1/31/2019 17:00,0108,0206,843.0,VIP,2
874,1/31/2019 17:00,1/31/2019 17:00,0196,0190,1743.0,365 Day Founding Plus,2
561,1/31/2019 17:00,1/31/2019 17:00,0099,0065,645.0,365 Day Pass Standard SALE,2
1409,1/31/2019 17:00,1/31/2019 17:00,0238,0208,1010.0,365 Day Pass Plus SALE,2
776,1/31/2019 17:00,1/31/2019 17:00,0099,0196,1968.0,365 Corporate Standard,2
405,1/31/2019 17:00,1/31/2019 17:00,0044,0063,932.0,90 Day,2
1535,1/31/2019 17:00,1/31/2019 17:00,0102,0004,1196.0,Archived Monthly Plus,2
870,1/31/2019 17:00,1/31/2019 17:00,0052,0197,504.0,365 Day Founding Plus,2
198,1/31/2019 17:00,1/31/2019 17:00,0039,0027,479.0,365 Corporate Plus,2
645,1/31/2019 17:00,1/31/2019 17:00,0015,0087,1058.0,365 Standard,2
876,1/31/2019 17:00,1/31/2019 17:00,0199,0143,687.0,365 Day Pass Plus SALE,2
508,1/31/2019 17:00,1/31/2019 17:00,0138,0006,1254.0,365 Standard,2
292,1/31/2019 17:00,1/31/2019 17:00,0112,0211,24.0,365 Day Founding Standard,2
2136,1/31/2019 17:00,1/31/2019 17:00,0066,0017,1270.0,365 Day Founding Plus,2
917,1/31/2019 17:00,1/31/2019 17:00,0024,0084,1043.0,Vancity Community Pass,2
398,1/31/2019 17:00,1/31/2019 17:00,0229,0053,639.0,365 Day Founding Plus,2
694,1/31/2019 17:00,1/31/2019 17:00,0008,0079,1234.0,365 Plus,2
962,1/31/2019 17:00,1/31/2019 17:00,0010,0066,146.0,24 Hour,2
428,1/31/2019 17:00,1/31/2019 17:00,0229,0053,682.0,365 Day Founding Plus,2
1339,1/31/2019 17:00,1/31/2019 17:00,0233,0234,471.0,365 Corporate Plus,2
951,1/31/2019 17:00,1/31/2019 17:00,0202,0070,152.0,365 Plus,2
1030,1/31/2019 17:00,1/31/2019 17:00,0024,0204,1031.0,Archived Monthly Standard,2
583,1/31/2019 17:00,1/31/2019 17:00,0052,0011,82.0,365 Day Pass Standard SALE,2
766,1/31/2019 17:00,1/31/2019 17:00,0255,0211,1093.0,90 Day,2
4915,1/31/2019 17:00,1/31/2019 18:00,0108,0026,634.0,365 Day Pass Standard SALE,2
295,1/31/2019 17:00,1/31/2019 17:00,0074,0257,548.0,365 Plus,2
476,1/31/2019 17:00,1/31/2019 17:00,0074,0072,1511.0,365 Day Founding Plus,2
561,1/31/2019 17:00,1/31/2019 17:00,0221,0098,374.0,365 Standard,2
495,1/31/2019 17:00,1/31/2019 17:00,0009,0066,179.0,365 Corporate Plus,2
340,1/31/2019 17:00,1/31/2019 17:00,0030,0034,402.0,365 Day Founding Plus,2
1353,1/31/2019 17:00,1/31/2019 17:00,0078,0159,376.0,365 Day Founding Standard,2
100,1/31/2019 17:00,1/31/2019 17:00,0161,0230,1935.0,365 Standard,2
646,1/31/2019 17:00,1/31/2019 17:00,0001,0256,2080.0,365 Day Founding Plus,2
1083,1/31/2019 17:00,1/31/2019 17:00,0066,0006,1680.0,90 Day,2
122,1/31/2019 17:00,1/31/2019 17:00,0171,0006,490.0,365 Day Founding Standard,2
54054,1/31/2019 17:00,2/1/2019 8:00,0064,0035,796.0,365 Day Founding Plus,2
149,1/31/2019 17:00,1/31/2019 17:00,0230,0150,94.0,365 Day Pass Plus SALE,2
3125,1/31/2019 17:00,1/31/2019 18:00,0105,0105,628.0,24 Hour,2
1834,1/31/2019 17:00,1/31/2019 17:00,0105,0102,2076.0,24 Hour,2
936,1/31/2019 17:00,1/31/2019 17:00,0065,0057,1325.0,365 Standard,2
356,1/31/2019 17:00,1/31/2019 17:00,0063,0196,1178.0,365 Day Pass Standard SALE,2
1332,1/31/2019 17:00,1/31/2019 17:00,0238,0087,11.0,365 Day Founding Standard,2
584,1/31/2019 17:00,1/31/2019 17:00,0063,0083,1955.0,90 Day,2
324,1/31/2019 17:00,1/31/2019 17:00,0036,0015,1007.0,365 Standard,2
390,1/31/2019 17:00,1/31/2019 17:00,0005,0024,1043.0,365 Standard,2
925,1/31/2019 17:00,1/31/2019 17:00,0161,0196,716.0,365 Day Founding Standard,2
658,1/31/2019 17:00,1/31/2019 17:00,0004,0032,2006.0,365 Day Pass Standard SALE,2
587,1/31/2019 17:00,1/31/2019 17:00,0008,0287,1284.0,365 Corporate Plus,2
1017,1/31/2019 17:00,1/31/2019 17:00,0082,0208,557.0,Archived Monthly Plus,2
269,1/31/2019 17:00,1/31/2019 17:00,0093,0031,81.0,365 Corporate Standard,2
1595,1/31/2019 17:00,1/31/2019 17:00,0005,0154,1948.0,365 Day Pass Standard SALE,2
543,1/31/2019 17:00,1/31/2019 17:00,0092,0088,124.0,365 Corporate Standard Renewal,2
1009,1/31/2019 17:00,1/31/2019 17:00,0201,0105,1450.0,24 Hour,2
1159,1/31/2019 17:00,1/31/2019 17:00,0201,0105,1808.0,24 Hour,2
112,1/31/2019 17:00,1/31/2019 17:00,0230,0161,1220.0,365 Day Founding Standard,2
800,1/31/2019 17:00,1/31/2019 17:00,0099,0204,617.0,365 Standard,2
2653,1/31/2019 17:00,1/31/2019 17:00,0033,0105,872.0,Vancity Community Pass,2
390,1/31/2019 17:00,1/31/2019 17:00,0193,0098,1491.0,365 Corporate Standard,2
737,1/31/2019 17:00,1/31/2019 17:00,0112,0152,272.0,365 Day Founding Plus,2
688,1/31/2019 17:00,1/31/2019 17:00,0222,0229,458.0,Vancity Community Pass,2
951,1/31/2019 17:00,1/31/2019 17:00,0076,0193,450.0,365 Day Founding Standard,2
445,1/31/2019 17:00,1/31/2019 17:00,0024,0039,852.0,365 Day Founding Plus,2
681,1/31/2019 17:00,1/31/2019 17:00,0125,0011,1059.0,365 Day Founding Standard,2
1724,1/31/2019 17:00,1/31/2019 17:00,0136,0057,794.0,365 Day Pass Plus SALE,2
1789,1/31/2019 17:00,1/31/2019 17:00,0136,0057,335.0,365 Day Pass Plus SALE,2
1723,1/31/2019 17:00,1/31/2019 17:00,0105,0102,620.0,365 Day Founding Plus,2
288,1/31/2019 17:00,1/31/2019 17:00,0230,0052,580.0,365 Day Pass Standard SALE,2
328,1/31/2019 17:00,1/31/2019 17:00,0136,0057,355.0,365 Corporate Plus,2
452,1/31/2019 17:00,1/31/2019 17:00,0101,0092,503.0,365 Corporate Standard Renewal,2
925,1/31/2019 17:00,1/31/2019 17:00,0017,0143,182.0,365 Corporate Plus,2
1251,1/31/2019 17:00,1/31/2019 17:00,0030,0140,679.0,365 Day Pass Plus SALE,2
278,1/31/2019 17:00,1/31/2019 17:00,0123,0088,43.0,365 Standard,2
431,1/31/2019 17:00,1/31/2019 17:00,0024,0196,1743.0,365 Day Pass Standard SALE,2
1123,1/31/2019 17:00,1/31/2019 17:00,0006,0060,403.0,365 Day Founding Plus,2
1122,1/31/2019 17:00,1/31/2019 17:00,0174,0010,146.0,24 Hour,2
635,1/31/2019 17:00,1/31/2019 17:00,0098,0107,1102.0,365 Standard,2
336,1/31/2019 17:00,1/31/2019 17:00,0065,0109,492.0,365 Corporate Plus,2
394,1/31/2019 17:00,1/31/2019 17:00,0060,0102,1481.0,365 Corporate Plus Renewal,2
459,1/31/2019 17:00,1/31/2019 17:00,0089,0139,293.0,365 Day Pass Plus SALE,2
381,1/31/2019 17:00,1/31/2019 17:00,0209,0209,1428.0,24 Hour,2
3119,1/31/2019 17:00,1/31/2019 17:00,0105,0136,1952.0,24 Hour,2
206,1/31/2019 17:00,1/31/2019 17:00,0204,0065,835.0,Vancity Community Pass,2
457,1/31/2019 16:00,1/31/2019 17:00,0073,0053,566.0,365 Day Founding Standard,2
826,1/31/2019 16:00,1/31/2019 17:00,0221,0099,52.0,365 Day Pass Standard SALE,2
142,1/31/2019 16:00,1/31/2019 17:00,0187,0087,1090.0,365 Plus,2
1090,1/31/2019 16:00,1/31/2019 17:00,0039,0119,1348.0,365 Corporate Standard,2
