location_id,forecast_date,maxtempc,humidity,total_precip,avg_cloudcover,avg_windspeed
1,2019-01-01,1,77.25,3.6,50.625,16.875
1,2019-01-02,-5,69.0,0.2,41.75,8.625
1,2019-01-03,-1,68.5,1.3,68.25,17.75
1,2019-01-04,2,77.25,0.0,7.625,18.125
1,2019-01-05,3,81.125,0.0,23.75,11.25
1,2019-01-06,1,70.25,0.2,53.875,17.125
1,2019-01-07,-2,74.5,1.8,85.125,22.25
1,2019-01-08,2,86.75,8.7,91.0,19.625
1,2019-01-09,-0,75.375,2.6,95.875,21.5
1,2019-01-10,-5,69.75,0.2,84.75,23.875
1,2019-01-11,-6,67.375,0.0,57.875,9.625
1,2019-01-12,-6,63.5,0.0,53.25,12.0
1,2019-01-13,-8,62.375,0.5,41.125,14.875
1,2019-01-14,-3,67.625,0.0,72.5,9.125
1,2019-01-15,-1,75.0,0.0,90.375,12.875
1,2019-01-16,-2,68.875,0.5,66.875,21.75
1,2019-01-17,-5,68.875,0.0,45.0,9.375
1,2019-01-18,-2,69.25,1.0,80.25,14.625
1,2019-01-19,-12,72.5,7.1,94.25,22.25
1,2019-01-20,-13,71.5,3.2,62.625,28.5
1,2019-01-21,-14,66.25,0.0,26.125,21.625
1,2019-01-22,-6,75.75,0.0,37.625,12.125
1,2019-01-23,1,82.25,11.6,98.25,18.25
1,2019-01-24,-3,84.25,2.7,89.0,14.875
1,2019-01-25,-8,68.25,0.7,89.375,23.75
1,2019-01-26,-10,68.25,0.3,56.125,15.0
1,2019-01-27,-5,70.75,3.4,80.0,20.625
1,2019-01-28,-8,72.0,6.3,65.125,22.125
1,2019-01-29,-3,82.25,7.4,79.875,22.875
1,2019-01-30,-16,69.75,0.1,58.375,31.625
1,2019-01-31,-16,70.625,0.0,66.875,33.25
1,2019-02-01,-13,72.0,0.0,32.5,18.25
1,2019-02-02,-3,79.625,0.0,75.625,16.375
1,2019-02-03,1,89.5,1.2,97.875,13.25
1,2019-02-04,2,87.75,1.5,84.5,16.625
1,2019-02-05,3,76.625,2.1,47.75,21.375
1,2019-02-06,-2,77.375,10.3,83.625,18.875
1,2019-02-07,0,83.875,2.3,100.0,17.5
1,2019-02-08,-1,64.625,3.2,90.0,35.0
1,2019-02-09,-9,54.875,0.3,68.25,24.375
1,2019-02-10,-6,65.75,0.3,47.125,11.625
1,2019-02-11,-3,74.25,3.0,87.125,16.75
1,2019-02-12,-2,73.0,9.4,84.125,29.125
1,2019-02-13,-1,76.125,3.9,100.0,30.625
1,2019-02-14,0,75.875,0.8,84.0,16.125
1,2019-02-15,2,83.375,3.9,85.0,21.75
1,2019-02-16,-4,73.125,0.2,60.5,20.375
1,2019-02-17,-5,73.25,0.5,64.375,17.0
1,2019-02-18,-7,73.875,4.4,71.0,17.375
1,2019-02-19,-5,74.375,0.0,31.125,12.625
1,2019-02-20,-3,78.625,1.9,72.625,17.875
1,2019-02-21,2,80.75,2.2,80.75,19.875
1,2019-02-22,1,76.125,0.0,20.125,12.375
1,2019-02-23,2,80.75,0.0,27.875,15.375
1,2019-02-24,4,81.25,5.2,89.625,27.5
1,2019-02-25,-3,57.625,0.4,96.875,38.0
1,2019-02-26,-4,61.25,0.7,95.375,16.25
1,2019-02-27,-6,64.0,6.2,92.75,17.0
1,2019-02-28,-4,59.25,0.3,55.75,18.25
1,2019-03-01,-3,64.875,0.0,36.25,16.25
1,2019-03-02,-4,67.125,2.9,79.875,23.75
1,2019-03-03,-4,65.75,0.2,50.75,22.25
1,2019-03-04,-7,74.125,0.3,57.125,18.375
1,2019-03-05,-7,76.625,0.4,68.625,25.875
1,2019-03-06,-8,75.125,1.0,79.625,22.25
1,2019-03-07,-5,75.375,0.5,77.625,16.875
1,2019-03-08,-2,77.375,0.0,37.125,11.75
1,2019-03-09,0,79.75,0.0,18.625,15.25
1,2019-03-10,5,79.375,15.4,91.25,31.375
1,2019-03-11,2,67.875,0.3,83.125,29.25
1,2019-03-12,3,65.125,0.0,8.5,18.0
1,2019-03-13,4,68.25,2.1,75.25,9.75
1,2019-03-14,8,87.75,2.5,57.0,11.5
1,2019-03-15,7,78.625,3.8,79.5,27.5
1,2019-03-16,1,59.75,0.9,76.5,29.625
1,2019-03-17,2,54.0,0.0,44.375,18.0
1,2019-03-18,2,57.625,0.2,69.5,11.875
1,2019-03-19,6,58.875,0.5,59.5,9.375
1,2019-03-20,8,59.375,0.4,37.0,14.75
1,2019-03-21,8,73.875,1.1,92.25,9.625
1,2019-03-22,4,72.875,1.2,82.0,23.875
1,2019-03-23,4,46.625,0.0,2.75,26.25
1,2019-03-24,8,55.125,0.0,22.75,19.125
1,2019-03-25,4,43.75,0.0,5.0,17.625
1,2019-03-26,7,44.625,0.0,2.75,14.375
1,2019-03-27,8,38.875,0.0,40.25,11.625
1,2019-03-28,8,68.125,3.1,74.25,21.5
1,2019-03-29,11,58.75,2.3,35.875,8.375
1,2019-03-30,5,77.0,8.6,81.25,12.0
1,2019-03-31,2,78.875,2.3,92.375,25.0
1,2019-04-01,2,64.0,0.3,58.125,19.5
1,2019-04-02,8,54.875,0.3,72.125,21.125
1,2019-04-03,6,54.625,0.2,43.5,29.875
1,2019-04-04,6,40.125,0.0,67.625,11.875
1,2019-04-05,7,65.0,0.4,82.25,14.5
1,2019-04-06,13,77.625,0.0,76.625,6.5
1,2019-04-07,12,79.875,0.0,45.625,11.25
1,2019-04-08,14,78.75,0.2,60.25,17.25
1,2019-04-09,11,72.875,0.2,52.75,19.75
1,2019-04-10,7,60.625,0.0,51.0,17.25
1,2019-04-11,5,64.625,0.5,71.5,22.125
1,2019-04-12,16,75.5,5.1,66.0,23.875
1,2019-04-13,13,54.875,0.0,16.5,21.875
1,2019-04-14,5,74.125,26.1,70.75,21.0
1,2019-04-15,6,75.0,11.8,67.625,23.5
1,2019-04-16,8,66.5,2.3,47.75,12.5
1,2019-04-17,11,67.875,0.2,31.25,14.875
1,2019-04-18,16,84.0,3.2,77.0,22.5
1,2019-04-19,11,87.0,17.3,99.5,19.0
1,2019-04-20,9,87.25,4.4,99.875,19.75
1,2019-04-21,13,81.375,0.1,73.5,6.0
1,2019-04-22,15,75.875,0.0,38.5,6.625
1,2019-04-23,15,75.375,4.9,62.125,19.125
1,2019-04-24,14,63.125,0.0,33.125,19.125
1,2019-04-25,14,65.875,0.7,29.25,7.625
1,2019-04-26,12,83.5,13.4,97.0,21.25
1,2019-04-27,8,62.625,0.6,61.25,31.625
1,2019-04-28,10,45.75,0.0,31.75,16.875
1,2019-04-29,8,57.75,1.9,60.125,16.625
1,2019-04-30,11,71.5,0.2,65.625,13.0
1,2019-05-01,8,81.375,4.1,91.5,27.0
1,2019-05-02,14,78.25,3.1,47.375,12.0
1,2019-05-03,13,83.5,8.0,91.0,7.875
1,2019-05-04,13,78.5,0.5,82.375,7.875
1,2019-05-05,20,59.875,0.0,9.5,7.375
1,2019-05-06,18,68.0,1.1,52.0,12.125
1,2019-05-07,17,62.375,3.5,61.125,12.25
1,2019-05-08,10,53.5,0.8,41.125,20.0
1,2019-05-09,16,72.25,16.1,83.375,24.125
1,2019-05-10,16,78.625,7.3,75.625,23.25
1,2019-05-11,15,53.75,0.0,29.25,9.25
1,2019-05-12,10,70.5,1.9,91.625,24.375
1,2019-05-13,9,87.125,5.6,100.0,25.0
1,2019-05-14,14,76.125,2.0,92.125,16.75
1,2019-05-15,16,64.75,0.1,44.0,16.375
1,2019-05-16,17,71.0,0.9,45.25,10.375
1,2019-05-17,16,71.5,1.1,45.125,17.375
1,2019-05-18,13,63.125,0.0,32.25,12.0
1,2019-05-19,25,67.625,0.0,41.0,19.125
1,2019-05-20,16,74.25,0.4,65.875,25.625
1,2019-05-21,17,55.375,0.0,15.75,19.75
1,2019-05-22,17,61.25,1.1,52.5,15.625
1,2019-05-23,21,83.125,2.0,73.0,16.0
1,2019-05-24,19,67.875,0.0,28.25,16.875
1,2019-05-25,21,81.0,5.0,53.0,14.125
1,2019-05-26,21,71.125,0.0,27.75,14.125
1,2019-05-27,22,60.125,0.0,16.25,11.375
1,2019-05-28,14,83.625,6.5,92.875,19.875
1,2019-05-29,20,79.0,0.3,54.125,6.125
1,2019-05-30,20,74.0,6.1,49.125,13.25
1,2019-05-31,20,62.75,0.0,15.125,10.625
1,2019-06-01,21,70.375,1.6,52.0,11.75
1,2019-06-02,19,63.0,1.1,43.875,18.75
1,2019-06-03,15,52.5,0.0,33.25,25.875
1,2019-06-04,15,72.125,6.4,68.125,14.5
1,2019-06-05,21,83.625,9.9,82.25,11.5
1,2019-06-06,24,72.625,1.5,58.125,10.125
1,2019-06-07,26,52.25,0.0,1.25,8.375
1,2019-06-08,21,53.75,0.0,2.25,16.875
1,2019-06-09,23,58.25,0.0,36.375,15.5
1,2019-06-10,20,78.25,6.9,83.75,16.875
1,2019-06-11,21,58.125,0.1,23.375,20.625
1,2019-06-12,22,51.75,0.0,27.875,10.125
1,2019-06-13,18,76.25,17.4,80.125,13.875
1,2019-06-14,20,59.875,0.8,55.75,23.75
1,2019-06-15,17,72.625,0.8,76.75,21.5
1,2019-06-16,18,65.0,0.8,39.125,8.25
1,2019-06-17,19,59.75,0.0,38.875,7.125
1,2019-06-18,23,63.625,0.0,36.0,5.625
1,2019-06-19,23,64.0,1.0,49.875,5.0
1,2019-06-20,19,83.125,5.8,79.125,9.0
1,2019-06-21,21,64.25,11.4,40.375,18.0
1,2019-06-22,24,56.375,0.0,7.625,14.625
1,2019-06-23,26,53.5,0.0,1.75,8.125
1,2019-06-24,23,67.875,2.0,50.125,11.375
1,2019-06-25,24,72.625,5.4,37.5,17.125
1,2019-06-26,26,64.75,1.1,24.125,16.625
1,2019-06-27,28,57.375,0.0,7.75,7.5
1,2019-06-28,28,62.5,1.7,32.125,7.625
1,2019-06-29,28,69.25,3.3,43.125,7.25
1,2019-06-30,22,62.25,0.0,20.375,17.25
1,2019-07-01,27,60.875,0.0,4.125,9.5
1,2019-07-02,28,71.625,2.7,53.625,8.375
1,2019-07-03,28,65.875,1.3,29.125,6.0
1,2019-07-04,27,66.25,0.2,26.125,11.875
1,2019-07-05,31,68.125,2.9,30.125,7.125
1,2019-07-06,29,71.75,5.9,50.75,10.25
1,2019-07-07,26,51.375,2.3,40.875,15.0
1,2019-07-08,30,47.625,0.0,0.0,7.0
1,2019-07-09,30,44.125,0.0,0.0,5.75
1,2019-07-10,28,55.625,0.0,27.0,6.25
1,2019-07-11,29,68.125,5.9,67.75,13.5
1,2019-07-12,25,69.0,0.0,49.125,14.0
1,2019-07-13,28,65.125,7.1,44.5,14.625
1,2019-07-14,26,56.625,0.0,1.25,17.0
1,2019-07-15,27,57.5,0.0,20.25,8.25
1,2019-07-16,29,63.625,1.2,52.75,17.625
1,2019-07-17,28,76.0,3.8,61.5,6.125
1,2019-07-18,28,75.25,0.0,25.25,10.625
1,2019-07-19,31,72.625,12.1,59.625,15.375
1,2019-07-20,32,71.5,11.3,65.0,15.25
1,2019-07-21,29,57.25,2.2,32.75,14.625
1,2019-07-22,25,57.75,1.6,50.875,9.875
1,2019-07-23,26,47.875,0.7,30.75,12.125
1,2019-07-24,26,49.125,0.0,19.75,10.25
1,2019-07-25,28,51.875,0.3,31.75,10.125
1,2019-07-26,28,62.375,0.2,25.75,9.5
1,2019-07-27,28,61.5,0.5,25.625,15.25
1,2019-07-28,29,67.5,5.8,56.75,16.0
1,2019-07-29,30,66.375,0.2,22.125,15.5
1,2019-07-30,28,68.5,10.4,53.875,11.875
1,2019-07-31,27,52.625,0.0,19.625,10.75
1,2019-08-01,26,52.0,0.0,26.625,9.875
1,2019-08-02,29,49.5,0.0,2.5,5.875
1,2019-08-03,29,51.75,0.1,17.25,8.125
1,2019-08-04,26,57.125,0.0,29.5,9.125
1,2019-08-05,28,56.25,0.2,21.5,9.125
1,2019-08-06,27,66.625,1.1,34.0,12.0
1,2019-08-07,28,65.0,8.3,46.25,7.875
1,2019-08-08,26,57.5,2.3,34.125,16.375
1,2019-08-09,25,50.0,0.7,28.125,20.625
1,2019-08-10,24,54.625,0.1,29.875,19.125
1,2019-08-11,26,56.0,0.0,29.625,11.5
1,2019-08-12,26,70.625,7.2,58.75,10.625
1,2019-08-13,27,61.0,0.0,23.875,8.375
1,2019-08-14,25,53.375,0.0,17.375,12.125
1,2019-08-15,23,59.875,0.9,38.125,15.875
1,2019-08-16,25,61.625,0.1,37.125,9.75
1,2019-08-17,28,72.0,5.9,69.5,12.0
1,2019-08-18,28,72.875,5.6,55.375,10.25
1,2019-08-19,29,62.5,5.6,30.375,14.875
1,2019-08-20,26,59.375,0.1,19.75,8.125
1,2019-08-21,29,68.25,4.8,58.0,11.5
1,2019-08-22,25,51.25,0.1,28.75,15.625
1,2019-08-23,22,56.125,0.0,15.375,13.0
1,2019-08-24,22,54.875,0.0,15.5,11.25
1,2019-08-25,22,64.25,0.0,27.5,14.125
1,2019-08-26,23,66.0,0.0,21.875,15.875
1,2019-08-27,23,77.625,8.3,92.875,19.75
1,2019-08-28,25,64.375,1.6,28.875,14.875
1,2019-08-29,24,60.375,0.3,26.875,16.875
1,2019-08-30,23,57.875,3.7,25.75,19.75
1,2019-08-31,23,53.5,0.0,7.75,8.375
1,2019-09-01,20,61.5,2.1,60.125,10.5
1,2019-09-02,24,69.625,2.8,78.0,8.875
1,2019-09-03,23,75.0,2.0,66.0,12.625
1,2019-09-04,20,68.125,7.8,50.5,21.5
1,2019-09-05,23,54.25,0.0,3.875,5.25
1,2019-09-06,20,63.125,0.1,34.125,9.25
1,2019-09-07,21,62.875,0.1,64.375,11.875
1,2019-09-08,19,62.0,0.0,25.375,11.0
1,2019-09-09,24,56.25,0.0,13.75,7.125
1,2019-09-10,24,68.75,1.0,33.5,13.75
1,2019-09-11,26,77.25,4.2,56.875,14.5
1,2019-09-12,19,61.625,0.0,35.375,16.5
1,2019-09-13,20,74.125,3.1,49.625,20.125
1,2019-09-14,22,69.0,6.5,33.375,20.75
1,2019-09-15,18,79.125,3.0,50.625,9.75
1,2019-09-16,19,81.5,7.4,74.25,7.625
1,2019-09-17,22,60.375,0.0,3.0,7.5
1,2019-09-18,20,60.625,0.0,11.125,13.875
1,2019-09-19,23,62.0,0.0,11.25,11.125
1,2019-09-20,25,64.0,0.0,10.25,7.25
1,2019-09-21,25,71.625,1.3,42.0,7.75
1,2019-09-22,25,70.75,0.0,35.0,19.5
1,2019-09-23,23,65.25,0.4,71.0,26.5
1,2019-09-24,21,63.875,0.5,51.25,15.625
1,2019-09-25,23,65.75,1.0,50.25,18.25
1,2019-09-26,20,58.125,0.8,33.875,19.5
1,2019-09-27,21,53.0,0.1,20.5,14.5
1,2019-09-28,21,68.875,20.6,48.5,17.0
1,2019-09-29,17,59.25,0.0,11.0,16.125
1,2019-09-30,18,64.25,0.0,36.25,16.875
1,2019-10-01,23,87.25,6.6,77.25,9.875
1,2019-10-02,18,80.625,44.9,89.75,16.75
1,2019-10-03,13,74.875,2.8,90.125,20.875
1,2019-10-04,15,62.5,0.3,53.25,14.375
1,2019-10-05,14,55.875,0.0,23.625,18.0
1,2019-10-06,19,71.0,0.4,63.5,19.625
1,2019-10-07,17,59.75,0.0,28.5,15.875
1,2019-10-08,20,57.375,0.0,0.0,7.875
1,2019-10-09,16,64.5,0.0,4.75,15.75
1,2019-10-10,16,66.75,0.0,3.5,19.875
1,2019-10-11,16,66.75,0.0,14.625,22.0
1,2019-10-12,15,63.625,5.7,47.25,18.625
1,2019-10-13,16,50.125,0.0,17.25,18.5
1,2019-10-14,11,53.5,0.0,39.875,21.5
1,2019-10-15,13,59.375,0.0,23.875,12.875
1,2019-10-16,14,72.0,19.7,74.5,22.375
1,2019-10-17,12,75.125,1.8,86.125,22.75
1,2019-10-18,12,67.375,0.0,46.375,13.875
1,2019-10-19,14,66.5,0.0,11.25,7.625
1,2019-10-20,16,71.0,0.0,10.25,5.625
1,2019-10-21,15,77.5,0.3,29.375,16.375
1,2019-10-22,15,75.875,17.0,72.5,20.25
1,2019-10-23,10,61.875,0.2,62.25,27.5
1,2019-10-24,15,64.0,0.4,65.375,16.25
1,2019-10-25,12,57.25,0.0,58.75,5.75
1,2019-10-26,10,67.5,2.7,48.125,13.25
1,2019-10-27,15,88.625,32.7,91.625,20.625
1,2019-10-28,18,68.375,0.0,19.5,9.375
1,2019-10-29,17,75.125,0.3,32.0,12.625
1,2019-10-30,12,74.875,2.1,88.375,11.125
1,2019-10-31,8,87.5,20.8,100.0,18.5
1,2019-11-01,7,65.0,4.0,52.5,29.625
1,2019-11-02,7,64.625,0.4,64.75,16.125
1,2019-11-03,6,66.125,0.7,51.75,20.0
1,2019-11-04,9,72.375,7.5,88.75,20.875
1,2019-11-05,7,63.125,1.6,51.625,23.25
1,2019-11-06,5,55.125,0.1,44.0,18.375
1,2019-11-07,3,62.125,0.2,76.375,11.375
1,2019-11-08,1,60.0,0.3,53.25,13.375
1,2019-11-09,5,57.125,0.0,73.625,18.5
1,2019-11-10,5,70.625,0.2,84.0,16.125
1,2019-11-11,1,90.0,7.8,95.5,13.25
1,2019-11-12,-6,83.5,2.8,66.75,15.5
1,2019-11-13,-4,86.375,0.4,54.625,8.875
1,2019-11-14,1,88.25,1.8,86.125,14.75
1,2019-11-15,2,87.125,0.1,60.5,20.25
1,2019-11-16,-3,80.875,0.2,21.75,16.75
1,2019-11-17,1,79.875,0.0,17.625,12.25
1,2019-11-18,3,91.75,0.7,84.25,7.5
1,2019-11-19,3,95.875,2.8,97.75,7.375
1,2019-11-20,4,89.875,0.0,89.875,7.0
1,2019-11-21,6,84.0,3.3,54.25,12.125
1,2019-11-22,6,65.625,2.4,45.125,26.875
1,2019-11-23,6,61.625,0.1,28.5,12.75
1,2019-11-24,6,71.625,0.0,25.875,10.75
1,2019-11-25,6,83.0,1.2,86.75,14.0
1,2019-11-26,8,84.375,0.3,66.5,10.625
1,2019-11-27,10,84.125,15.9,92.875,21.75
1,2019-11-28,2,62.25,0.1,60.625,27.375
1,2019-11-29,1,50.0,0.0,67.875,12.375
1,2019-11-30,0,54.875,0.0,39.875,16.25
1,2019-12-01,3,83.875,14.6,85.25,25.125
1,2019-12-02,-1,90.875,0.7,85.375,17.5
1,2019-12-03,1,79.875,0.2,38.625,10.125
1,2019-12-04,2,85.0,0.5,90.75,16.625
1,2019-12-05,0,71.125,0.2,50.25,18.0
1,2019-12-06,1,81.625,0.8,68.25,8.75
1,2019-12-07,-2,71.5,0.0,48.0,11.375
1,2019-12-08,4,80.75,0.1,60.875,16.75
1,2019-12-09,5,96.0,4.6,100.0,14.125
1,2019-12-10,5,68.125,1.1,87.125,23.125
1,2019-12-11,-3,50.625,0.1,57.875,24.875
1,2019-12-12,-1,53.375,0.0,28.5,13.5
1,2019-12-13,3,74.625,0.0,45.75,13.375
1,2019-12-14,3,89.375,6.1,92.75,12.5
1,2019-12-15,1,63.125,0.0,70.625,26.25
1,2019-12-16,-1,59.875,0.4,66.625,10.875
1,2019-12-17,-1,81.375,1.8,74.875,17.875
1,2019-12-18,-2,64.0,0.3,78.75,26.5
1,2019-12-19,-4,64.875,0.2,81.25,10.625
1,2019-12-20,-3,80.5,1.1,69.75,11.625
1,2019-12-21,2,81.875,0.0,63.25,10.875
1,2019-12-22,4,84.875,0.0,15.0,18.875
1,2019-12-23,6,80.125,0.0,29.75,16.375
1,2019-12-24,1,78.875,0.0,35.0,13.125
1,2019-12-25,4,86.25,0.0,44.125,6.125
1,2019-12-26,2,92.25,0.6,93.375,16.25
1,2019-12-27,8,90.0,1.1,82.375,11.625
1,2019-12-28,5,80.25,0.0,32.5,5.375
1,2019-12-29,3,83.625,7.6,66.25,17.5
1,2019-12-30,9,85.5,14.2,72.125,25.0
1,2019-12-31,1,79.625,0.7,98.125,22.125
2,2019-01-01,4,81.75,0.0,40.625,7.75
2,2019-01-02,6,90.75,17.7,78.25,13.375
2,2019-01-03,6,94.5,76.1,100.0,18.625
2,2019-01-04,5,88.25,19.6,84.125,14.875
2,2019-01-05,7,88.0,4.3,81.125,10.125
2,2019-01-06,4,85.125,25.3,85.125,12.25
2,2019-01-07,5,80.5,1.4,38.5,12.625
2,2019-01-08,4,79.5,3.7,69.5,13.25
2,2019-01-09,5,87.25,20.7,85.875,14.0
2,2019-01-10,6,88.25,13.1,87.375,15.25
2,2019-01-11,8,87.625,0.1,52.375,8.5
2,2019-01-12,7,87.25,0.0,19.0,6.625
2,2019-01-13,7,89.875,0.0,10.625,5.25
2,2019-01-14,5,92.75,0.0,3.75,3.75
2,2019-01-15,5,89.5,0.0,21.375,5.75
2,2019-01-16,6,83.125,0.0,33.25,8.875
2,2019-01-17,6,84.875,15.8,71.125,10.75
2,2019-01-18,7,91.375,12.8,90.25,11.25
2,2019-01-19,8,89.75,11.8,70.5,16.25
2,2019-01-20,7,90.375,0.0,19.375,11.375
2,2019-01-21,6,87.625,0.0,26.5,9.75
2,2019-01-22,7,90.0,28.5,95.25,13.0
2,2019-01-23,7,92.375,15.7,41.75,7.375
2,2019-01-24,6,94.75,0.0,48.125,5.75
2,2019-01-25,6,92.625,0.0,52.875,3.5
2,2019-01-26,6,90.75,0.0,9.875,5.125
2,2019-01-27,6,91.5,0.0,24.0,7.75
2,2019-01-28,6,86.125,0.0,15.0,7.5
2,2019-01-29,5,83.375,0.0,8.125,5.125
2,2019-01-30,5,85.375,0.0,22.0,4.0
2,2019-01-31,7,86.125,0.8,68.75,7.875
2,2019-02-01,7,92.75,41.6,94.875,11.0
2,2019-02-02,6,82.75,0.5,48.375,13.625
2,2019-02-03,2,74.125,1.2,91.375,14.25
2,2019-02-04,1,61.25,1.9,54.25,9.75
2,2019-02-05,-1,63.0,0.0,8.875,9.125
2,2019-02-06,2,68.25,0.0,11.625,8.375
2,2019-02-07,3,76.125,0.0,33.875,9.5
2,2019-02-08,2,67.75,0.0,65.0,11.0
2,2019-02-09,1,49.75,2.4,58.75,17.375
2,2019-02-10,-3,55.75,3.8,36.25,13.375
2,2019-02-11,1,62.625,3.9,76.5,12.5
2,2019-02-12,-1,76.25,4.0,97.125,12.625
2,2019-02-13,1,78.75,1.2,56.75,8.875
2,2019-02-14,1,82.875,5.4,63.375,8.0
2,2019-02-15,4,86.875,17.0,100.0,12.625
2,2019-02-16,3,88.5,0.1,82.125,8.625
2,2019-02-17,3,85.625,0.0,56.125,7.25
2,2019-02-18,2,74.75,0.0,52.875,8.25
2,2019-02-19,1,88.75,2.8,90.625,8.625
2,2019-02-20,4,84.875,0.1,56.5,10.5
2,2019-02-21,4,72.0,0.0,19.75,8.125
2,2019-02-22,2,81.25,13.7,75.5,11.375
2,2019-02-23,2,84.25,2.1,82.375,9.5
2,2019-02-24,2,77.375,0.2,39.25,10.375
2,2019-02-25,2,64.125,0.0,1.125,12.125
2,2019-02-26,2,56.625,0.0,0.0,13.25
2,2019-02-27,3,71.75,0.8,48.75,11.25
2,2019-02-28,4,73.5,2.8,86.25,9.125
2,2019-03-01,4,75.25,0.0,14.25,9.5
2,2019-03-02,3,66.25,0.0,22.5,11.5
2,2019-03-03,3,49.0,0.0,14.75,11.875
2,2019-03-04,4,51.5,0.0,2.875,11.75
2,2019-03-05,5,53.0,0.0,34.75,10.25
2,2019-03-06,6,68.25,2.6,46.25,9.125
2,2019-03-07,5,78.0,2.4,70.25,8.0
2,2019-03-08,4,78.75,0.5,62.125,6.875
2,2019-03-09,4,76.75,0.0,9.25,8.25
2,2019-03-10,5,73.875,0.0,8.875,8.375
2,2019-03-11,5,78.625,21.4,75.125,10.125
2,2019-03-12,6,77.25,7.9,50.5,9.125
2,2019-03-13,8,76.25,0.0,30.125,6.0
2,2019-03-14,8,71.75,1.5,82.5,10.0
2,2019-03-15,11,75.375,0.3,60.0,6.375
2,2019-03-16,12,71.25,0.0,36.375,7.375
2,2019-03-17,14,69.75,0.0,20.75,10.0
2,2019-03-18,17,61.25,0.0,11.625,9.75
2,2019-03-19,18,59.125,0.0,2.0,9.125
2,2019-03-20,18,57.5,0.0,0.625,10.25
2,2019-03-21,14,71.0,0.0,12.125,9.375
2,2019-03-22,14,79.25,1.8,51.375,9.75
2,2019-03-23,12,78.625,4.2,39.875,7.75
2,2019-03-24,12,70.625,0.0,23.875,5.5
2,2019-03-25,12,71.25,1.6,38.75,10.0
2,2019-03-26,12,79.625,12.7,66.25,16.0
2,2019-03-27,13,63.125,0.0,1.75,12.75
2,2019-03-28,12,70.25,1.8,49.5,9.25
2,2019-03-29,13,68.125,0.0,15.875,5.5
2,2019-03-30,13,69.5,0.0,10.875,6.875
2,2019-03-31,14,69.5,0.0,9.375,6.625
2,2019-04-01,15,57.375,0.0,7.125,12.125
2,2019-04-02,15,53.75,0.0,31.375,11.5
2,2019-04-03,12,79.75,14.8,89.25,13.375
2,2019-04-04,14,76.75,0.6,52.25,10.75
2,2019-04-05,12,78.875,19.5,90.5,16.25
2,2019-04-06,10,77.0,19.3,85.25,21.25
2,2019-04-07,12,75.5,3.6,46.5,11.25
2,2019-04-08,12,72.5,2.3,70.375,10.5
2,2019-04-09,13,70.375,0.9,29.625,9.5
2,2019-04-10,10,83.0,5.4,72.25,12.125
2,2019-04-11,10,83.125,0.6,87.5,9.625
2,2019-04-12,13,69.5,0.0,21.875,8.375
2,2019-04-13,9,83.5,27.7,86.25,20.125
2,2019-04-14,11,64.375,1.6,58.0,9.875
2,2019-04-15,11,71.0,1.2,53.75,12.0
2,2019-04-16,12,69.5,2.6,48.375,10.125
2,2019-04-17,13,85.5,3.6,73.625,13.125
2,2019-04-18,10,91.5,51.1,100.0,14.5
2,2019-04-19,12,86.625,11.1,66.5,12.625
2,2019-04-20,14,72.5,0.0,8.625,11.125
2,2019-04-21,14,74.125,0.0,27.0,11.0
2,2019-04-22,10,82.625,11.5,86.5,13.0
2,2019-04-23,14,84.375,1.7,72.0,7.75
2,2019-04-24,13,62.0,0.0,6.875,7.875
2,2019-04-25,13,59.625,0.0,50.125,9.75
2,2019-04-26,14,63.375,0.0,21.25,5.625
2,2019-04-27,11,56.125,0.0,12.0,26.75
2,2019-04-28,14,55.25,0.0,4.875,8.75
2,2019-04-29,13,56.625,2.2,54.625,11.125
2,2019-04-30,15,50.75,0.0,9.5,8.875
2,2019-05-01,15,58.25,0.0,21.0,9.625
2,2019-05-02,14,73.375,0.0,38.75,10.125
2,2019-05-03,16,74.625,0.0,38.25,5.5
2,2019-05-04,16,71.25,0.0,6.625,4.375
2,2019-05-05,16,69.25,0.0,15.375,9.125
2,2019-05-06,17,65.125,0.0,18.0,8.0
2,2019-05-07,18,61.75,0.0,12.875,10.125
2,2019-05-08,19,62.375,0.0,15.125,10.375
2,2019-05-09,22,57.125,0.0,4.375,8.75
2,2019-05-10,22,59.5,0.0,4.0,4.875
2,2019-05-11,23,59.625,0.0,3.0,5.75
2,2019-05-12,19,66.5,0.0,14.625,10.5
2,2019-05-13,17,62.875,0.0,26.375,9.75
2,2019-05-14,12,77.125,10.8,71.5,10.875
2,2019-05-15,16,73.5,0.1,47.625,12.625
2,2019-05-16,18,76.0,0.4,58.75,6.125
2,2019-05-17,14,76.625,7.4,75.625,12.25
2,2019-05-18,17,67.625,0.0,37.875,11.125
2,2019-05-19,20,59.25,0.0,27.875,8.375
2,2019-05-20,13,82.875,1.6,55.875,12.625
2,2019-05-21,18,73.375,0.0,17.0,9.375
2,2019-05-22,20,69.125,0.0,12.625,5.375
2,2019-05-23,21,66.125,0.0,9.25,6.625
2,2019-05-24,15,76.875,1.8,55.375,7.625
2,2019-05-25,14,84.0,1.0,70.75,9.75
2,2019-05-26,20,70.25,0.0,30.125,7.0
2,2019-05-27,21,66.625,0.0,8.5,7.25
2,2019-05-28,22,70.5,0.0,3.625,10.625
2,2019-05-29,20,72.625,0.0,13.0,9.375
2,2019-05-30,21,71.125,0.0,8.875,7.875
2,2019-05-31,22,70.375,0.0,4.5,7.5
2,2019-06-01,22,69.625,0.0,5.75,7.75
2,2019-06-02,21,68.875,0.0,12.0,8.0
2,2019-06-03,20,64.25,0.0,5.375,3.5
2,2019-06-04,17,62.625,0.0,15.875,11.0
2,2019-06-05,16,65.375,1.0,70.375,12.875
2,2019-06-06,15,66.875,0.7,30.0,8.375
2,2019-06-07,14,73.0,0.7,61.75,6.375
2,2019-06-08,18,75.625,0.1,40.75,8.875
2,2019-06-09,18,67.125,0.0,38.375,8.25
2,2019-06-10,20,69.25,0.0,25.375,5.375
2,2019-06-11,23,68.375,0.0,4.625,8.75
2,2019-06-12,24,61.875,0.0,20.75,7.625
2,2019-06-13,23,64.5,0.0,15.25,7.75
2,2019-06-14,18,75.75,0.0,42.75,6.125
2,2019-06-15,21,75.5,0.0,17.375,7.25
2,2019-06-16,19,76.375,0.0,12.125,8.625
2,2019-06-17,20,77.125,0.0,16.5,11.125
2,2019-06-18,18,73.25,0.0,32.875,10.5
2,2019-06-19,17,64.25,0.2,45.125,17.25
2,2019-06-20,17,69.625,0.2,26.875,12.0
2,2019-06-21,18,70.0,0.0,17.875,11.125
2,2019-06-22,17,76.25,0.0,55.0,14.5
2,2019-06-23,17,77.375,0.8,66.625,5.875
2,2019-06-24,17,75.875,1.7,55.0,6.125
2,2019-06-25,19,66.875,0.0,10.5,7.5
2,2019-06-26,19,67.75,0.3,41.0,11.625
2,2019-06-27,17,80.25,19.9,59.5,12.0
2,2019-06-28,18,74.125,6.0,85.0,10.125
2,2019-06-29,19,67.375,0.3,41.5,7.25
2,2019-06-30,23,65.625,0.0,4.625,6.875
2,2019-07-01,22,65.125,0.0,4.875,6.125
2,2019-07-02,17,79.5,0.3,52.625,17.5
2,2019-07-03,18,81.125,0.1,77.875,10.75
2,2019-07-04,19,77.0,0.0,79.875,10.375
2,2019-07-05,19,77.375,3.5,82.125,10.25
2,2019-07-06,18,79.125,2.9,80.25,7.625
2,2019-07-07,16,84.0,7.7,79.125,8.625
2,2019-07-08,21,76.0,0.0,35.375,7.375
2,2019-07-09,20,75.625,0.8,27.625,7.0
2,2019-07-10,18,88.375,16.3,87.125,11.0
2,2019-07-11,20,82.375,1.3,54.25,8.25
2,2019-07-12,21,71.75,0.0,21.5,6.125
2,2019-07-13,21,76.5,0.1,34.875,6.75
2,2019-07-14,20,73.5,0.4,37.125,6.875
2,2019-07-15,20,71.125,0.0,21.125,7.375
2,2019-07-16,20,75.75,0.0,25.875,10.25
2,2019-07-17,17,83.5,30.9,79.5,19.25
2,2019-07-18,19,67.625,3.0,43.5,17.875
2,2019-07-19,19,69.375,1.1,45.375,9.25
2,2019-07-20,20,66.0,0.0,24.0,7.75
2,2019-07-21,26,59.25,0.0,10.75,5.75
2,2019-07-22,23,62.75,0.0,8.75,13.25
2,2019-07-23,20,72.875,0.2,15.875,8.875
2,2019-07-24,20,72.875,3.2,54.0,7.25
2,2019-07-25,20,68.125,0.0,15.75,8.625
2,2019-07-26,23,70.0,0.2,15.125,6.25
2,2019-07-27,22,72.5,12.1,50.0,9.5
2,2019-07-28,21,72.0,0.0,23.875,7.875
2,2019-07-29,22,75.375,0.0,8.625,5.125
2,2019-07-30,20,74.25,0.0,45.0,12.5
2,2019-07-31,21,73.5,0.0,45.125,5.0
2,2019-08-01,21,74.75,0.0,44.375,10.0
2,2019-08-02,22,77.375,21.6,65.75,11.625
2,2019-08-03,22,70.125,0.0,10.25,9.5
2,2019-08-04,25,64.125,0.0,11.75,10.625
2,2019-08-05,27,63.125,0.0,1.5,6.125
2,2019-08-06,25,71.0,0.0,0.0,7.375
2,2019-08-07,24,76.25,0.0,1.5,10.875
2,2019-08-08,21,76.25,0.0,5.25,17.125
2,2019-08-09,20,75.125,0.0,50.5,11.375
2,2019-08-10,20,78.75,0.0,55.375,10.375
2,2019-08-11,19,84.375,4.8,63.875,12.375
2,2019-08-12,22,78.25,0.0,23.375,8.625
2,2019-08-13,22,69.75,0.0,14.0,7.5
2,2019-08-14,23,68.125,0.0,17.5,5.625
2,2019-08-15,22,74.25,0.0,7.625,7.625
2,2019-08-16,20,76.625,0.0,28.625,6.375
2,2019-08-17,19,75.875,0.1,74.125,7.625
2,2019-08-18,20,76.5,0.0,44.625,13.625
2,2019-08-19,20,76.125,0.0,25.875,9.625
2,2019-08-20,22,69.375,0.0,21.875,6.375
2,2019-08-21,18,84.25,10.7,74.625,12.0
2,2019-08-22,20,76.875,0.6,44.375,8.625
2,2019-08-23,18,74.25,0.6,40.0,6.0
2,2019-08-24,18,71.25,0.0,39.0,5.625
2,2019-08-25,20,74.75,0.1,47.25,6.0
2,2019-08-26,20,68.625,0.0,3.375,9.875
2,2019-08-27,24,69.75,0.0,8.875,9.125
2,2019-08-28,23,70.875,0.0,35.625,8.125
2,2019-08-29,22,73.375,0.0,27.625,11.0
2,2019-08-30,20,82.125,0.1,60.125,12.25
2,2019-08-31,21,78.125,0.0,51.5,8.5
2,2019-09-01,21,84.25,5.7,72.0,5.75
2,2019-09-02,22,76.75,0.0,9.0,5.125
2,2019-09-03,21,77.125,0.1,20.0,7.0
2,2019-09-04,20,81.375,0.0,39.625,9.625
2,2019-09-05,21,76.375,0.0,6.0,9.5
2,2019-09-06,23,69.625,0.0,3.125,7.875
2,2019-09-07,19,72.5,0.0,31.875,9.25
2,2019-09-08,18,84.125,6.7,69.0,13.25
2,2019-09-09,19,81.375,3.7,67.625,11.5
2,2019-09-10,18,78.875,0.4,47.5,6.75
2,2019-09-11,19,76.25,0.0,23.25,11.375
2,2019-09-12,16,84.75,21.3,83.875,11.5
2,2019-09-13,18,85.0,9.9,80.125,11.375
2,2019-09-14,15,85.75,4.0,79.375,14.875
2,2019-09-15,16,85.5,42.3,82.875,18.5
2,2019-09-16,17,77.875,3.1,62.0,10.25
2,2019-09-17,14,81.0,18.4,93.5,19.875
2,2019-09-18,17,77.375,10.5,59.125,6.625
2,2019-09-19,16,80.0,0.0,51.375,7.5
2,2019-09-20,17,79.5,0.0,57.5,4.0
2,2019-09-21,17,81.75,0.0,73.5,11.0
2,2019-09-22,15,90.0,24.8,96.75,9.5
2,2019-09-23,14,87.25,11.6,90.875,11.0
2,2019-09-24,16,84.625,0.6,53.625,9.0
2,2019-09-25,15,79.625,0.6,62.75,4.75
2,2019-09-26,16,80.625,7.1,58.25,13.125
2,2019-09-27,12,69.75,3.1,39.125,16.375
2,2019-09-28,14,63.5,0.2,23.375,12.125
2,2019-09-29,13,52.25,0.0,17.25,11.375
2,2019-09-30,14,59.375,0.0,6.5,6.0
2,2019-10-01,13,67.875,0.0,15.875,8.375
2,2019-10-02,12,71.625,6.8,89.75,12.0
2,2019-10-03,10,85.75,17.1,88.75,18.5
2,2019-10-04,13,76.375,3.8,73.5,7.25
2,2019-10-05,13,78.125,1.3,60.125,5.375
2,2019-10-06,13,76.0,0.0,34.25,7.625
2,2019-10-07,13,85.5,14.5,92.625,20.375
2,2019-10-08,11,59.25,0.1,23.0,18.875
2,2019-10-09,11,44.375,0.1,8.875,7.875
2,2019-10-10,11,51.875,0.0,15.75,7.5
2,2019-10-11,11,53.125,0.0,23.875,5.375
2,2019-10-12,11,71.875,0.0,64.625,7.875
2,2019-10-13,12,79.875,0.9,61.625,7.0
2,2019-10-14,12,76.875,0.0,29.75,6.0
2,2019-10-15,11,72.125,6.5,59.25,11.0
2,2019-10-16,12,84.25,33.5,90.625,19.25
2,2019-10-17,11,84.875,23.6,93.375,26.5
2,2019-10-18,10,83.0,17.9,91.5,22.125
2,2019-10-19,10,85.375,17.1,89.0,7.125
2,2019-10-20,9,85.375,19.2,94.0,13.0
2,2019-10-21,9,89.375,29.8,99.875,14.375
2,2019-10-22,12,87.25,2.2,67.0,14.25
2,2019-10-23,11,78.0,0.0,29.25,8.375
2,2019-10-24,12,74.25,0.0,45.625,5.125
2,2019-10-25,12,73.375,8.1,52.75,27.25
2,2019-10-26,11,67.25,0.0,17.625,10.875
2,2019-10-27,10,56.75,0.0,5.375,4.625
2,2019-10-28,10,62.625,0.0,3.5,7.375
2,2019-10-29,8,56.625,0.0,7.875,9.375
2,2019-10-30,10,62.25,0.0,6.875,5.5
2,2019-10-31,10,66.25,0.0,20.0,5.625
2,2019-11-01,10,71.875,0.0,21.5,5.5
2,2019-11-02,12,74.75,0.0,6.875,5.125
2,2019-11-03,11,77.625,0.0,8.625,5.375
2,2019-11-04,11,77.25,0.0,17.875,5.25
2,2019-11-05,10,82.5,0.0,47.125,4.125
2,2019-11-06,10,83.125,0.0,15.625,5.0
2,2019-11-07,10,78.875,0.0,50.25,3.875
2,2019-11-08,12,71.625,0.0,23.5,7.0
2,2019-11-09,11,84.25,1.5,74.5,7.375
2,2019-11-10,13,89.625,0.3,55.0,4.625
2,2019-11-11,11,80.75,0.0,31.875,4.875
2,2019-11-12,9,92.375,21.4,97.0,6.625
2,2019-11-13,10,85.375,0.1,64.75,6.5
2,2019-11-14,11,74.375,0.4,53.625,6.375
2,2019-11-15,11,88.875,16.3,88.25,11.0
2,2019-11-16,9,91.75,16.3,91.25,12.125
2,2019-11-17,11,92.75,46.7,81.875,15.75
2,2019-11-18,10,91.25,8.8,87.5,4.0
2,2019-11-19,9,81.0,0.4,26.25,16.5
2,2019-11-20,10,67.5,0.0,8.875,6.875
2,2019-11-21,7,65.0,0.0,51.75,6.75
2,2019-11-22,7,72.25,0.0,21.375,6.375
2,2019-11-23,8,87.125,12.1,98.0,19.0
2,2019-11-24,9,75.0,5.3,44.125,24.375
2,2019-11-25,8,75.0,0.2,39.75,9.125
2,2019-11-26,6,77.0,1.2,52.25,10.125
2,2019-11-27,5,42.625,0.0,10.0,14.75
2,2019-11-28,3,41.75,0.0,9.25,8.625
2,2019-11-29,5,44.25,0.0,0.0,6.125
2,2019-11-30,5,48.0,0.0,15.0,8.25
2,2019-12-01,4,50.25,0.0,45.125,6.25
2,2019-12-02,5,65.75,0.0,58.875,5.875
2,2019-12-03,6,90.125,5.1,95.875,10.375
2,2019-12-04,8,93.625,10.3,86.5,13.5
2,2019-12-05,8,71.25,0.2,85.25,5.5
2,2019-12-06,9,89.25,7.7,98.125,9.125
2,2019-12-07,8,95.625,21.2,99.875,9.375
2,2019-12-08,8,90.875,0.1,70.5,4.125
2,2019-12-09,8,81.5,0.0,37.125,3.75
2,2019-12-10,8,82.25,5.9,87.125,6.5
2,2019-12-11,8,83.875,5.8,100.0,11.375
2,2019-12-12,8,90.125,29.0,92.125,16.875
2,2019-12-13,7,88.0,2.5,82.0,3.0
2,2019-12-14,6,79.25,0.6,70.25,6.875
2,2019-12-15,5,82.25,0.6,78.25,6.375
2,2019-12-16,5,73.0,0.1,40.75,8.875
2,2019-12-17,5,68.25,0.0,34.25,4.5
2,2019-12-18,7,85.875,13.1,98.5,21.75
2,2019-12-19,7,87.0,19.1,92.0,19.0
2,2019-12-20,8,90.25,15.3,90.25,12.125
2,2019-12-21,7,87.875,13.5,92.75,10.875
2,2019-12-22,7,76.875,1.9,79.75,10.75
2,2019-12-23,4,78.375,0.6,70.0,9.75
2,2019-12-24,5,80.125,0.5,98.125,11.375
2,2019-12-25,6,81.625,1.2,82.5,7.375
2,2019-12-26,5,71.5,0.3,32.75,10.5
2,2019-12-27,5,84.875,6.1,85.75,5.875
2,2019-12-28,5,88.0,7.7,98.875,13.5
2,2019-12-29,8,86.375,2.5,91.875,10.125
2,2019-12-30,6,83.75,0.4,90.25,10.5
2,2019-12-31,7,93.875,51.7,100.0,19.375
3,2019-01-01,11,74.0,23.8,54.75,19.875
3,2019-01-02,1,46.875,0.0,11.375,14.625
3,2019-01-03,4,58.875,0.7,54.0,12.125
3,2019-01-04,6,65.375,0.0,7.25,17.375
3,2019-01-05,6,72.875,26.2,74.875,16.875
3,2019-01-06,5,57.0,0.8,66.375,20.25
3,2019-01-07,-0,42.125,0.0,23.75,17.375
3,2019-01-08,6,74.875,2.1,95.5,13.125
3,2019-01-09,5,74.875,11.7,87.625,17.25
3,2019-01-10,1,60.5,0.3,66.875,22.875
3,2019-01-11,-4,45.125,0.0,10.0,20.75
3,2019-01-12,-3,36.625,0.0,19.75,14.25
3,2019-01-13,-3,47.625,0.0,34.875,12.5
3,2019-01-14,-1,54.0,0.0,60.75,14.75
3,2019-01-15,2,46.25,0.0,38.75,11.625
3,2019-01-16,5,54.875,0.0,17.0,16.625
3,2019-01-17,-2,39.875,0.0,31.25,14.875
3,2019-01-18,4,69.125,1.1,85.5,13.375
3,2019-01-19,-2,53.625,1.3,49.75,15.75
3,2019-01-20,4,83.125,63.2,96.25,24.5
3,2019-01-21,-12,53.25,0.2,59.875,30.125
3,2019-01-22,-5,47.125,0.0,20.75,21.25
3,2019-01-23,5,66.5,0.0,78.0,19.5
3,2019-01-24,11,81.0,53.8,93.75,25.75
3,2019-01-25,3,59.375,0.0,15.625,18.875
3,2019-01-26,-3,45.0,0.0,29.25,14.0
3,2019-01-27,5,60.875,0.0,31.0,14.875
3,2019-01-28,-1,51.25,0.0,50.25,17.75
3,2019-01-29,2,68.875,1.1,91.625,16.875
3,2019-01-30,0,52.25,8.3,66.0,28.75
3,2019-01-31,-8,36.125,1.0,22.75,25.5
3,2019-02-01,-8,42.0,0.0,11.0,19.125
3,2019-02-02,0,44.5,0.0,28.5,17.75
3,2019-02-03,2,61.125,0.0,33.0,11.5
3,2019-02-04,10,66.875,0.0,24.625,13.5
3,2019-02-05,13,65.625,0.0,29.875,15.25
3,2019-02-06,4,59.125,0.1,19.25,15.75
3,2019-02-07,4,78.75,17.0,100.0,13.625
3,2019-02-08,9,73.375,6.7,73.5,22.25
3,2019-02-09,-2,38.625,0.0,12.375,24.75
3,2019-02-10,1,37.875,0.0,15.125,18.375
3,2019-02-11,2,47.75,0.0,62.375,14.25
3,2019-02-12,-3,57.0,14.4,85.75,18.5
3,2019-02-13,6,68.5,38.1,76.375,22.875
3,2019-02-14,4,58.375,0.8,40.25,19.875
3,2019-02-15,10,71.875,0.7,75.875,19.625
3,2019-02-16,4,61.125,0.3,28.375,17.25
3,2019-02-17,2,50.5,0.0,7.375,18.125
3,2019-02-18,1,58.375,17.6,91.0,16.375
3,2019-02-19,-0,44.75,0.0,2.0,14.5
3,2019-02-20,1,51.5,0.1,65.875,11.25
3,2019-02-21,8,66.375,6.5,62.5,15.875
3,2019-02-22,4,58.625,0.0,27.0,14.75
3,2019-02-23,4,60.125,0.0,6.875,11.375
3,2019-02-24,7,79.25,14.9,85.625,18.0
3,2019-02-25,3,50.25,0.3,66.75,31.875
3,2019-02-26,-3,33.75,0.0,35.125,30.125
3,2019-02-27,-5,36.5,0.3,56.5,15.875
3,2019-02-28,-1,46.75,5.3,92.25,15.0
3,2019-03-01,3,52.375,0.0,54.875,12.875
3,2019-03-02,2,70.25,14.4,83.25,13.625
3,2019-03-03,3,62.625,0.8,63.5,15.75
3,2019-03-04,4,68.125,35.1,89.375,20.5
3,2019-03-05,-3,53.375,0.4,34.375,15.5
3,2019-03-06,-5,54.875,0.5,60.375,17.0
3,2019-03-07,-3,55.125,0.4,48.125,16.125
3,2019-03-08,1,54.0,0.0,30.375,15.75
3,2019-03-09,5,64.125,0.0,3.75,11.0
3,2019-03-10,2,67.875,14.3,84.0,15.125
3,2019-03-11,7,71.5,0.0,33.0,19.375
3,2019-03-12,3,59.625,0.0,18.5,19.5
3,2019-03-13,5,57.375,0.2,43.0,15.75
3,2019-03-14,10,72.0,0.9,36.0,10.875
3,2019-03-15,13,91.75,3.2,68.875,17.0
3,2019-03-16,8,59.125,2.7,39.625,21.5
3,2019-03-17,5,38.25,0.0,16.125,16.75
3,2019-03-18,6,40.0,0.0,27.125,9.75
3,2019-03-19,6,44.5,0.0,33.875,9.375
3,2019-03-20,10,45.75,0.0,19.75,8.5
3,2019-03-21,9,57.0,0.0,45.625,12.375
3,2019-03-22,6,81.75,14.7,96.125,19.75
3,2019-03-23,8,60.25,6.6,66.875,25.75
3,2019-03-24,14,37.875,0.0,29.125,17.0
3,2019-03-25,9,41.25,0.0,36.5,10.75
3,2019-03-26,7,36.375,0.0,4.125,11.5
3,2019-03-27,8,38.875,0.0,2.625,10.125
3,2019-03-28,11,53.5,0.0,30.75,16.5
3,2019-03-29,13,72.125,3.9,90.375,14.875
3,2019-03-30,19,71.25,0.7,65.375,16.875
3,2019-03-31,16,76.25,21.8,92.5,20.75
3,2019-04-01,7,41.5,0.0,10.625,20.5
3,2019-04-02,10,39.625,0.0,34.0,11.5
3,2019-04-03,15,59.125,4.2,67.5,19.625
3,2019-04-04,9,28.5,0.0,7.125,23.125
3,2019-04-05,9,35.875,0.7,75.25,10.625
3,2019-04-06,17,72.0,3.8,51.75,11.25
3,2019-04-07,18,61.125,0.0,49.0,6.0
3,2019-04-08,10,82.75,12.8,88.125,6.25
3,2019-04-09,8,81.0,1.2,74.375,8.375
3,2019-04-10,10,59.75,0.5,26.75,15.625
3,2019-04-11,12,39.5,0.0,28.125,10.625
3,2019-04-12,10,59.625,0.1,72.125,10.125
3,2019-04-13,21,82.625,28.5,72.625,16.25
3,2019-04-14,19,71.125,0.7,40.625,9.0
3,2019-04-15,19,76.125,18.7,89.125,22.375
3,2019-04-16,14,39.0,0.0,18.0,24.875
3,2019-04-17,17,42.75,0.0,5.25,11.25
3,2019-04-18,10,61.25,0.6,68.125,15.875
3,2019-04-19,19,82.625,0.7,82.875,22.75
3,2019-04-20,20,84.875,45.5,99.625,21.875
3,2019-04-21,18,84.125,7.8,81.0,9.375
3,2019-04-22,17,79.75,8.7,45.125,13.75
3,2019-04-23,14,83.0,4.1,89.25,12.0
3,2019-04-24,18,63.5,0.9,61.875,14.5
3,2019-04-25,17,53.875,0.0,5.125,10.875
3,2019-04-26,10,81.625,9.6,79.5,13.125
3,2019-04-27,13,68.625,7.6,85.625,21.25
3,2019-04-28,12,59.25,7.0,54.125,16.125
3,2019-04-29,17,38.375,0.0,26.75,11.625
3,2019-04-30,13,60.25,4.9,75.5,6.5
3,2019-05-01,12,53.0,0.8,49.375,7.5
3,2019-05-02,10,80.5,8.7,99.5,9.375
3,2019-05-03,15,77.375,0.5,92.875,7.625
3,2019-05-04,16,84.25,2.5,89.875,4.875
3,2019-05-05,12,85.5,10.1,94.25,9.125
3,2019-05-06,15,67.625,4.4,36.75,13.25
3,2019-05-07,21,63.125,6.0,49.125,9.875
3,2019-05-08,19,50.5,1.2,25.125,10.75
3,2019-05-09,15,40.75,0.0,23.875,11.25
3,2019-05-10,15,74.0,5.2,96.5,17.0
3,2019-05-11,20,53.125,0.4,30.125,13.875
3,2019-05-12,11,52.75,1.4,39.5,10.25
3,2019-05-13,12,65.25,1.6,55.125,18.25
3,2019-05-14,8,80.625,28.9,98.5,16.875
3,2019-05-15,16,61.25,0.2,73.25,9.0
3,2019-05-16,15,66.125,2.7,67.5,7.5
3,2019-05-17,15,82.25,12.0,66.25,7.25
3,2019-05-18,22,56.5,0.2,25.375,14.0
3,2019-05-19,24,53.5,0.0,27.875,12.75
3,2019-05-20,29,73.375,17.2,81.75,18.5
3,2019-05-21,20,44.5,0.3,30.375,22.0
3,2019-05-22,22,40.375,0.0,5.875,15.375
3,2019-05-23,20,62.0,2.0,78.125,16.0
3,2019-05-24,20,60.625,2.7,51.875,22.0
3,2019-05-25,23,49.0,0.1,24.125,10.25
3,2019-05-26,30,56.875,7.6,51.375,17.625
3,2019-05-27,23,52.375,0.0,24.375,10.625
3,2019-05-28,16,55.5,12.8,59.125,12.25
3,2019-05-29,18,76.25,4.8,73.75,11.625
3,2019-05-30,25,71.625,5.8,72.0,5.875
3,2019-05-31,25,64.75,3.4,40.375,11.125
3,2019-06-01,27,57.0,1.5,22.875,9.125
3,2019-06-02,25,64.875,0.7,48.0,9.125
3,2019-06-03,21,42.375,6.6,27.625,19.0
3,2019-06-04,22,40.75,0.1,27.5,13.5
3,2019-06-05,23,57.375,1.7,82.0,11.0
3,2019-06-06,24,77.5,9.6,77.375,13.75
3,2019-06-07,24,59.125,0.0,32.25,7.125
3,2019-06-08,24,50.875,0.1,9.625,10.625
3,2019-06-09,29,43.0,0.0,3.875,8.25
3,2019-06-10,27,46.375,0.7,23.625,11.25
3,2019-06-11,25,69.875,38.6,67.0,18.375
3,2019-06-12,26,39.25,0.0,17.125,12.0
3,2019-06-13,17,72.125,30.0,63.5,11.875
3,2019-06-14,22,63.0,0.0,37.875,15.625
3,2019-06-15,27,45.75,0.0,12.25,18.75
3,2019-06-16,20,76.25,9.7,92.875,13.0
3,2019-06-17,24,69.75,0.1,24.75,9.5
3,2019-06-18,21,83.0,1.5,81.0,5.75
3,2019-06-19,23,81.375,0.1,68.625,8.875
3,2019-06-20,20,91.625,6.0,95.375,10.0
3,2019-06-21,21,84.0,30.0,89.75,10.625
3,2019-06-22,26,46.875,1.6,57.625,16.625
3,2019-06-23,29,41.125,0.0,7.0,16.625
3,2019-06-24,26,49.875,0.0,10.5,12.25
3,2019-06-25,24,76.5,18.8,53.125,12.25
3,2019-06-26,24,80.25,0.5,43.75,8.375
3,2019-06-27,27,70.375,0.4,31.625,7.0
3,2019-06-28,31,56.5,0.0,10.625,5.5
3,2019-06-29,29,64.125,20.7,70.375,9.0
3,2019-06-30,26,65.75,11.5,67.875,10.875
3,2019-07-01,25,62.125,0.2,33.375,12.0
3,2019-07-02,30,53.125,0.0,25.875,9.375
3,2019-07-03,32,52.375,0.0,10.375,8.5
3,2019-07-04,31,51.5,0.0,16.125,9.125
3,2019-07-05,32,52.25,0.0,11.75,11.625
3,2019-07-06,32,69.875,7.7,51.625,15.25
3,2019-07-07,25,58.25,12.8,23.625,12.125
3,2019-07-08,28,50.25,0.0,5.625,8.625
3,2019-07-09,33,45.25,0.0,4.625,7.375
3,2019-07-10,32,48.0,0.0,12.25,7.5
3,2019-07-11,29,63.625,1.6,30.375,13.125
3,2019-07-12,29,78.5,58.0,75.375,8.25
3,2019-07-13,32,55.75,0.0,21.25,8.375
3,2019-07-14,30,54.625,0.0,25.75,11.375
3,2019-07-15,29,43.375,0.0,10.125,11.875
3,2019-07-16,32,45.625,0.0,15.75,8.0
3,2019-07-17,32,66.5,9.0,72.125,13.0
3,2019-07-18,23,74.5,12.4,81.5,14.25
3,2019-07-19,33,64.875,0.0,40.5,9.125
3,2019-07-20,35,60.25,1.3,28.25,12.375
3,2019-07-21,36,54.0,0.0,15.625,16.625
3,2019-07-22,27,61.125,2.7,54.0,14.625
3,2019-07-23,22,79.875,25.4,81.75,14.875
3,2019-07-24,25,67.0,1.5,68.625,6.875
3,2019-07-25,25,56.75,0.0,24.25,10.25
3,2019-07-26,28,60.5,0.0,14.75,9.625
3,2019-07-27,28,62.125,0.0,31.125,9.375
3,2019-07-28,33,55.625,0.1,20.875,12.75
3,2019-07-29,33,56.375,0.0,18.5,11.375
3,2019-07-30,34,59.875,2.3,42.25,11.875
3,2019-07-31,34,58.0,1.5,66.375,12.0
3,2019-08-01,31,56.25,1.2,31.875,8.0
3,2019-08-02,31,41.5,0.0,3.75,8.25
3,2019-08-03,30,55.75,0.6,31.375,15.125
3,2019-08-04,26,64.625,0.0,22.0,10.125
3,2019-08-05,30,46.375,0.0,2.375,8.5
3,2019-08-06,26,71.25,0.2,26.375,10.625
3,2019-08-07,28,70.875,1.8,40.5,14.125
3,2019-08-08,31,61.875,6.2,57.375,15.625
3,2019-08-09,29,49.625,0.4,24.625,14.625
3,2019-08-10,25,47.875,0.0,19.25,15.0
3,2019-08-11,27,47.375,0.0,13.25,13.625
3,2019-08-12,30,50.875,0.0,9.875,12.25
3,2019-08-13,27,66.5,3.9,56.125,14.125
3,2019-08-14,21,75.375,0.3,39.625,10.875
3,2019-08-15,24,72.625,0.0,28.125,9.25
3,2019-08-16,25,73.5,0.0,27.625,9.75
3,2019-08-17,25,81.125,1.4,85.0,8.375
3,2019-08-18,31,74.625,4.4,39.0,8.375
3,2019-08-19,33,68.375,1.9,40.375,14.125
3,2019-08-20,32,55.0,0.0,4.875,9.875
3,2019-08-21,31,59.75,0.9,37.125,11.75
3,2019-08-22,32,59.625,1.3,38.375,11.25
3,2019-08-23,28,43.875,0.4,38.5,9.0
3,2019-08-24,22,52.625,0.0,6.375,12.25
3,2019-08-25,19,70.5,0.3,45.375,17.375
3,2019-08-26,22,64.125,0.0,0.625,12.375
3,2019-08-27,24,58.0,0.0,11.0,7.25
3,2019-08-28,25,72.5,17.5,67.625,10.25
3,2019-08-29,29,71.0,21.4,50.75,6.5
3,2019-08-30,29,51.625,0.0,17.5,13.75
3,2019-08-31,26,41.0,0.2,29.875,11.375
3,2019-09-01,21,62.25,0.0,20.0,12.625
3,2019-09-02,24,69.375,9.6,39.75,12.375
3,2019-09-03,24,71.25,1.9,16.625,10.125
3,2019-09-04,30,67.75,0.8,25.625,16.375
3,2019-09-05,20,57.5,0.0,27.375,12.375
3,2019-09-06,21,58.75,0.0,62.0,11.125
3,2019-09-07,19,77.0,4.2,93.5,20.25
3,2019-09-08,24,53.75,0.0,13.0,14.25
3,2019-09-09,22,55.75,0.0,18.125,8.125
3,2019-09-10,21,63.25,0.0,27.5,8.375
3,2019-09-11,27,68.375,0.5,52.5,16.75
3,2019-09-12,21,70.25,0.0,28.375,12.5
3,2019-09-13,18,65.125,0.0,4.375,12.875
3,2019-09-14,22,64.75,0.4,60.375,14.125
3,2019-09-15,28,62.125,0.4,34.375,10.75
3,2019-09-16,19,76.375,12.8,68.5,5.125
3,2019-09-17,19,63.0,0.0,20.625,12.375
3,2019-09-18,17,66.0,1.5,56.625,13.25
3,2019-09-19,20,53.125,0.0,0.0,9.5
3,2019-09-20,27,46.625,0.0,7.125,9.0
3,2019-09-21,26,55.25,0.0,9.125,8.875
3,2019-09-22,29,57.0,0.0,1.75,13.5
3,2019-09-23,30,66.5,3.3,27.375,19.625
3,2019-09-24,25,62.75,10.5,52.375,14.625
3,2019-09-25,26,55.5,0.0,4.375,11.25
3,2019-09-26,26,59.375,0.5,18.25,13.625
3,2019-09-27,27,49.75,0.0,0.25,10.5
3,2019-09-28,26,57.0,0.0,11.625,14.125
3,2019-09-29,21,67.625,3.0,36.25,13.25
3,2019-09-30,17,56.875,0.0,15.5,12.375
3,2019-10-01,21,64.375,0.8,55.625,15.0
3,2019-10-02,22,78.0,6.8,76.0,16.5
3,2019-10-03,12,71.5,13.5,85.0,17.125
3,2019-10-04,14,68.125,9.0,78.625,15.625
3,2019-10-05,18,44.5,0.0,1.125,12.375
3,2019-10-06,19,64.625,0.0,57.625,15.625
3,2019-10-07,24,71.625,2.2,81.5,20.0
3,2019-10-08,18,61.375,3.7,69.0,11.375
3,2019-10-09,14,72.25,6.2,86.875,22.25
3,2019-10-10,12,77.625,11.7,92.75,27.375
3,2019-10-11,13,80.25,24.5,89.625,31.125
3,2019-10-12,13,82.125,1.4,88.875,17.125
3,2019-10-13,19,75.375,0.0,60.875,6.125
3,2019-10-14,19,65.0,0.0,36.375,7.125
3,2019-10-15,16,49.375,0.0,16.75,10.5
3,2019-10-16,16,61.125,0.5,24.875,12.25
3,2019-10-17,15,80.375,79.9,94.375,30.875
3,2019-10-18,13,59.375,0.0,52.875,22.125
3,2019-10-19,18,54.375,0.0,2.0,11.375
3,2019-10-20,15,61.5,0.0,29.25,4.375
3,2019-10-21,17,68.0,0.0,13.125,7.625
3,2019-10-22,13,88.25,1.9,78.875,13.25
3,2019-10-23,17,71.375,8.3,40.875,12.625
3,2019-10-24,17,50.625,0.0,5.5,13.5
3,2019-10-25,18,57.75,0.0,18.25,8.75
3,2019-10-26,14,66.5,0.0,48.0,9.625
3,2019-10-27,11,79.5,42.6,86.625,18.0
3,2019-10-28,13,85.875,3.1,89.25,15.25
3,2019-10-29,13,81.75,0.4,87.125,11.125
3,2019-10-30,17,82.375,0.1,80.75,6.125
3,2019-10-31,19,90.25,21.7,95.5,20.5
3,2019-11-01,20,59.5,11.4,41.75,31.875
3,2019-11-02,13,50.5,0.0,5.25,9.125
3,2019-11-03,12,56.5,0.0,4.125,13.875
3,2019-11-04,10,50.875,0.0,32.125,11.25
3,2019-11-05,15,64.375,0.0,69.375,14.0
3,2019-11-06,9,49.625,0.0,10.625,16.5
3,2019-11-07,12,54.75,0.9,54.75,12.625
3,2019-11-08,2,50.125,3.4,42.875,22.25
3,2019-11-09,5,40.5,0.0,25.5,12.5
3,2019-11-10,11,58.75,0.0,36.25,14.875
3,2019-11-11,13,70.375,0.0,79.25,7.625
3,2019-11-12,10,76.125,0.6,83.5,15.5
3,2019-11-13,-1,33.0,0.0,10.625,22.625
3,2019-11-14,3,54.0,0.0,49.5,7.875
3,2019-11-15,9,62.125,0.0,11.0,16.0
3,2019-11-16,2,36.0,0.0,0.0,19.875
3,2019-11-17,5,64.625,0.1,75.375,18.0
3,2019-11-18,5,84.875,15.6,100.0,23.5
3,2019-11-19,8,87.625,10.2,82.25,11.5
3,2019-11-20,5,89.625,6.7,100.0,10.625
3,2019-11-21,10,74.5,0.3,26.0,8.875
3,2019-11-22,10,66.25,1.0,77.0,21.625
3,2019-11-23,8,43.5,0.0,14.125,18.875
3,2019-11-24,7,80.75,36.6,85.875,16.25
3,2019-11-25,10,68.625,0.7,35.5,16.75
3,2019-11-26,13,76.75,0.0,23.375,11.625
3,2019-11-27,12,83.375,2.1,54.125,8.875
3,2019-11-28,8,63.0,1.8,62.125,28.125
3,2019-11-29,3,46.5,0.0,7.5,25.5
3,2019-11-30,3,32.0,0.0,12.75,19.375
3,2019-12-01,4,51.5,3.3,47.75,9.0
3,2019-12-02,5,94.5,52.7,100.0,31.75
3,2019-12-03,-0,94.625,55.9,95.0,25.25
3,2019-12-04,2,92.125,0.0,64.875,12.125
3,2019-12-05,2,86.625,0.0,50.125,15.125
3,2019-12-06,2,69.5,0.0,29.625,16.75
3,2019-12-07,1,66.25,0.1,10.75,13.375
3,2019-12-08,2,64.375,0.0,9.5,11.25
3,2019-12-09,10,92.5,8.2,77.75,17.875
3,2019-12-10,15,79.375,10.9,85.0,25.0
3,2019-12-11,1,84.125,8.6,69.75,13.25
3,2019-12-12,-0,49.5,0.0,3.25,14.75
3,2019-12-13,5,78.0,0.0,59.5,12.125
3,2019-12-14,10,97.75,58.6,99.625,13.25
3,2019-12-15,7,63.25,0.8,58.75,29.75
3,2019-12-16,2,40.25,0.0,18.625,17.875
3,2019-12-17,4,81.75,8.7,71.125,12.125
3,2019-12-18,1,80.125,2.5,43.375,17.25
3,2019-12-19,-5,61.25,0.0,19.625,26.5
3,2019-12-20,-1,65.375,0.0,1.125,16.5
3,2019-12-21,0,78.125,0.0,47.875,6.5
3,2019-12-22,4,74.0,0.0,23.75,13.875
3,2019-12-23,7,78.75,0.0,16.5,15.125
3,2019-12-24,5,64.0,0.0,7.75,11.75
3,2019-12-25,4,67.0,0.0,33.375,5.75
3,2019-12-26,4,79.25,0.0,75.875,8.75
3,2019-12-27,8,82.25,2.3,86.875,13.875
3,2019-12-28,7,73.125,0.0,8.125,13.375
3,2019-12-29,6,59.0,0.0,20.75,8.75
3,2019-12-30,1,94.125,34.3,98.125,18.875
3,2019-12-31,7,89.5,13.5,84.625,17.875
4,2019-01-01,12,76.125,26.9,46.75,16.625
4,2019-01-02,4,55.25,0.0,10.625,10.0
4,2019-01-03,5,64.625,1.0,44.875,9.75
4,2019-01-04,7,70.75,0.0,32.5,13.125
4,2019-01-05,6,71.125,27.8,87.125,12.25
4,2019-01-06,7,62.25,0.0,27.125,14.375
4,2019-01-07,3,52.875,0.0,40.875,7.75
4,2019-01-08,7,82.75,4.4,96.5,10.0
4,2019-01-09,6,68.0,0.3,52.375,20.625
4,2019-01-10,2,57.75,0.2,58.125,18.625
4,2019-01-11,-2,45.125,0.0,7.875,15.75
4,2019-01-12,0,52.125,0.0,36.0,6.875
4,2019-01-13,-1,53.5,0.4,78.5,10.375
4,2019-01-14,-1,49.875,0.0,31.875,11.75
4,2019-01-15,3,53.125,0.0,25.0,8.0
4,2019-01-16,4,63.625,0.0,31.75,10.25
4,2019-01-17,-1,42.625,0.0,54.75,9.625
4,2019-01-18,4,71.375,0.6,81.0,6.25
4,2019-01-19,2,70.0,1.8,56.125,9.0
4,2019-01-20,8,81.625,56.0,89.125,21.375
4,2019-01-21,-12,53.625,0.2,55.875,26.75
4,2019-01-22,-3,50.125,0.0,10.875,9.75
4,2019-01-23,5,71.875,0.2,73.5,13.75
4,2019-01-24,10,86.375,45.3,92.0,17.875
4,2019-01-25,1,61.125,0.0,12.875,16.5
4,2019-01-26,-1,49.0,0.0,31.0,10.25
4,2019-01-27,6,64.625,0.0,39.5,10.75
4,2019-01-28,-1,51.375,0.0,50.5,9.375
4,2019-01-29,6,72.125,6.5,70.0,11.875
4,2019-01-30,-3,50.75,5.1,46.125,23.625
4,2019-01-31,-8,39.375,0.0,1.125,19.5
4,2019-02-01,-6,47.5,0.0,52.75,14.0
4,2019-02-02,1,53.875,0.0,21.125,9.0
4,2019-02-03,4,72.0,0.0,6.0,8.5
4,2019-02-04,7,78.25,0.0,2.375,7.5
4,2019-02-05,12,79.25,0.0,50.125,11.625
4,2019-02-06,6,71.0,3.8,62.75,8.875
4,2019-02-07,8,85.625,40.0,99.125,10.625
4,2019-02-08,9,70.875,1.8,67.625,20.125
4,2019-02-09,-1,40.625,0.0,0.0,21.125
4,2019-02-10,1,45.5,0.0,28.5,10.125
4,2019-02-11,2,65.5,0.0,97.125,10.125
4,2019-02-12,3,69.125,18.5,97.375,18.0
4,2019-02-13,4,72.75,6.8,59.75,16.875
4,2019-02-14,7,61.375,0.0,18.0,15.75
4,2019-02-15,11,73.75,0.8,71.0,13.875
4,2019-02-16,4,60.125,0.3,33.625,14.25
4,2019-02-17,1,63.0,0.0,11.75,10.0
4,2019-02-18,5,73.5,2.6,78.25,11.75
4,2019-02-19,2,57.625,0.0,24.875,10.75
4,2019-02-20,1,67.5,3.0,85.5,9.75
4,2019-02-21,9,77.25,7.0,48.375,13.625
4,2019-02-22,6,63.375,0.0,63.25,10.0
4,2019-02-23,4,70.75,0.0,68.75,7.625
4,2019-02-24,12,78.625,14.8,94.5,16.375
4,2019-02-25,6,49.625,0.0,28.375,25.875
4,2019-02-26,1,42.375,0.0,26.25,16.625
4,2019-02-27,0,50.625,0.0,71.5,12.0
4,2019-02-28,1,53.0,1.0,57.75,10.625
4,2019-03-01,4,57.75,0.6,95.625,10.5
4,2019-03-02,5,62.5,15.6,91.25,14.375
4,2019-03-03,4,54.875,2.5,67.0,18.5
4,2019-03-04,2,84.25,22.1,60.125,17.375
4,2019-03-05,-2,63.25,0.2,34.625,16.75
4,2019-03-06,-3,49.0,0.2,58.875,23.5
4,2019-03-07,-1,55.25,0.4,80.375,18.375
4,2019-03-08,2,57.75,0.0,74.75,7.875
4,2019-03-09,9,65.25,0.0,14.75,7.5
4,2019-03-10,6,88.625,16.6,87.0,14.0
4,2019-03-11,9,63.0,0.0,25.125,21.0
4,2019-03-12,6,51.375,0.0,10.875,22.625
4,2019-03-13,8,50.25,0.0,13.125,10.0
4,2019-03-14,12,65.0,0.0,25.75,13.625
4,2019-03-15,15,87.125,4.0,75.25,20.125
4,2019-03-16,9,45.5,2.5,35.5,25.75
4,2019-03-17,8,37.875,0.0,16.25,17.875
4,2019-03-18,7,38.625,0.0,30.125,11.0
4,2019-03-19,9,42.75,0.0,27.625,10.375
4,2019-03-20,9,45.625,0.0,26.625,13.0
4,2019-03-21,9,75.875,6.3,93.5,22.75
4,2019-03-22,9,74.75,24.1,83.875,27.125
4,2019-03-23,7,47.0,0.1,32.5,32.75
4,2019-03-24,13,36.75,0.0,42.625,18.5
4,2019-03-25,10,49.125,1.5,82.625,10.875
4,2019-03-26,9,33.125,0.3,13.5,19.625
4,2019-03-27,7,36.75,0.0,25.25,14.875
4,2019-03-28,11,53.875,0.0,37.75,15.625
4,2019-03-29,17,62.5,0.0,65.25,14.5
4,2019-03-30,18,64.875,1.3,56.875,19.375
4,2019-03-31,13,65.75,5.3,68.375,23.5
4,2019-04-01,8,38.125,0.0,9.125,23.375
4,2019-04-02,9,45.5,0.4,57.375,14.625
4,2019-04-03,15,52.5,2.7,39.125,24.5
4,2019-04-04,13,38.375,0.0,19.25,14.375
4,2019-04-05,7,49.75,3.3,71.375,17.5
4,2019-04-06,17,71.375,3.0,49.0,7.875
4,2019-04-07,16,63.875,0.0,15.125,12.125
4,2019-04-08,22,74.75,13.2,74.25,16.125
4,2019-04-09,14,67.75,1.8,40.375,11.625
4,2019-04-10,14,48.875,0.8,26.0,18.75
4,2019-04-11,11,37.625,0.0,30.125,14.5
4,2019-04-12,18,67.5,1.0,86.375,18.875
4,2019-04-13,22,73.5,32.5,69.125,15.5
4,2019-04-14,17,87.125,1.2,70.875,13.25
4,2019-04-15,18,65.75,12.5,56.875,31.625
4,2019-04-16,16,41.25,0.0,21.625,25.25
4,2019-04-17,15,46.75,1.0,51.5,14.25
4,2019-04-18,18,66.5,0.8,58.625,22.125
4,2019-04-19,18,81.0,0.7,70.25,25.625
4,2019-04-20,18,81.75,42.2,87.75,29.375
4,2019-04-21,19,64.125,0.0,39.5,13.5
4,2019-04-22,18,70.625,17.2,67.375,11.375
4,2019-04-23,23,63.25,0.3,35.5,11.25
4,2019-04-24,18,51.75,0.1,13.375,18.75
4,2019-04-25,17,52.625,0.0,53.375,10.25
4,2019-04-26,17,81.875,6.7,91.75,17.75
4,2019-04-27,14,52.625,7.7,56.625,28.25
4,2019-04-28,12,53.0,2.1,66.875,15.875
4,2019-04-29,14,44.625,0.2,20.625,14.75
4,2019-04-30,19,71.125,4.8,76.875,8.125
4,2019-05-01,14,67.5,1.6,81.75,14.75
4,2019-05-02,24,65.5,4.7,79.0,7.75
4,2019-05-03,19,71.125,1.0,75.625,10.75
4,2019-05-04,22,69.625,4.8,89.125,5.75
4,2019-05-05,18,76.5,29.9,74.625,13.125
4,2019-05-06,23,58.375,0.8,59.75,11.125
4,2019-05-07,25,58.25,1.4,29.75,12.625
4,2019-05-08,23,48.375,2.0,27.125,11.875
4,2019-05-09,15,53.875,0.0,65.25,15.125
4,2019-05-10,19,78.875,5.9,93.5,18.75
4,2019-05-11,22,45.25,4.9,39.75,14.25
4,2019-05-12,13,63.0,26.7,96.125,20.625
4,2019-05-13,10,77.875,17.9,100.0,17.0
4,2019-05-14,15,68.125,0.8,94.75,7.125
4,2019-05-15,20,50.875,0.2,48.625,16.25
4,2019-05-16,22,47.75,1.4,45.875,14.375
4,2019-05-17,26,53.375,9.1,60.625,15.125
4,2019-05-18,26,37.875,0.0,16.75,11.25
4,2019-05-19,25,53.125,1.7,21.375,15.5
4,2019-05-20,30,59.125,11.0,56.625,19.5
4,2019-05-21,23,39.0,0.0,6.875,23.875
4,2019-05-22,27,32.5,0.0,11.75,11.375
4,2019-05-23,25,52.75,12.1,66.875,17.5
4,2019-05-24,22,51.375,4.8,35.625,25.25
4,2019-05-25,22,50.875,0.4,23.25,14.375
4,2019-05-26,33,57.0,4.1,49.5,15.125
4,2019-05-27,30,44.125,0.0,31.75,9.125
4,2019-05-28,22,56.75,13.7,66.125,13.5
4,2019-05-29,28,60.625,7.4,44.5,12.25
4,2019-05-30,30,55.875,0.1,40.5,11.75
4,2019-05-31,29,51.125,1.4,33.375,13.25
4,2019-06-01,31,48.0,2.2,22.125,7.125
4,2019-06-02,29,54.75,10.6,57.875,12.625
4,2019-06-03,21,32.75,0.0,6.125,22.125
4,2019-06-04,23,36.5,0.0,25.125,15.75
4,2019-06-05,32,45.75,18.5,34.75,19.25
4,2019-06-06,30,60.625,6.1,54.875,14.125
4,2019-06-07,26,56.25,0.2,46.75,12.5
4,2019-06-08,29,46.25,0.0,3.5,12.875
4,2019-06-09,26,42.625,0.0,1.5,16.0
4,2019-06-10,21,73.375,19.3,62.125,15.625
4,2019-06-11,26,59.25,16.6,48.625,19.125
4,2019-06-12,24,39.0,0.0,49.375,14.0
4,2019-06-13,20,74.875,20.7,80.0,15.375
4,2019-06-14,24,50.375,0.7,44.875,19.75
4,2019-06-15,28,40.375,0.0,25.25,17.625
4,2019-06-16,29,52.5,4.1,59.5,18.875
4,2019-06-17,25,68.75,0.8,62.75,6.125
4,2019-06-18,25,82.0,5.1,98.375,7.0
4,2019-06-19,25,79.375,0.5,82.875,10.75
4,2019-06-20,28,79.75,11.7,81.625,11.125
4,2019-06-21,25,65.25,11.8,72.75,18.625
4,2019-06-22,28,42.375,0.0,11.625,20.625
4,2019-06-23,30,40.75,0.0,7.25,15.125
4,2019-06-24,30,46.0,0.0,15.625,10.75
4,2019-06-25,29,70.75,20.2,73.75,10.375
4,2019-06-26,32,48.0,0.7,44.5,10.0
4,2019-06-27,34,42.625,0.4,21.875,8.25
4,2019-06-28,33,43.0,0.0,24.625,9.75
4,2019-06-29,33,54.75,3.0,61.25,13.875
4,2019-06-30,29,48.75,1.4,35.75,21.625
4,2019-07-01,31,50.125,0.0,6.875,12.375
4,2019-07-02,31,54.0,0.4,34.375,16.125
4,2019-07-03,28,66.375,5.9,64.5,8.75
4,2019-07-04,30,65.375,0.0,9.125,12.25
4,2019-07-05,28,75.875,0.4,28.875,14.25
4,2019-07-06,31,69.625,6.1,56.25,15.25
4,2019-07-07,28,65.375,1.2,51.375,15.625
4,2019-07-08,26,64.375,1.3,45.625,9.5
4,2019-07-09,33,58.375,0.0,9.125,10.625
4,2019-07-10,32,60.125,0.0,10.125,13.375
4,2019-07-11,27,68.0,5.9,38.125,20.875
4,2019-07-12,30,65.0,19.2,41.75,16.0
4,2019-07-13,31,56.0,0.0,5.25,14.0
4,2019-07-14,32,52.0,0.0,9.125,16.5
4,2019-07-15,32,47.25,0.0,4.0,12.25
4,2019-07-16,31,52.625,0.0,9.5,11.625
4,2019-07-17,33,63.875,16.8,69.875,14.125
4,2019-07-18,28,76.25,18.8,68.5,9.875
4,2019-07-19,33,68.5,0.6,29.75,12.75
4,2019-07-20,35,59.0,5.2,43.875,15.375
4,2019-07-21,36,55.0,0.6,36.0,16.5
4,2019-07-22,29,63.75,47.2,74.125,11.375
4,2019-07-23,24,74.125,33.6,83.75,14.625
4,2019-07-24,28,61.375,7.6,42.5,11.5
4,2019-07-25,29,54.0,0.9,43.125,10.875
4,2019-07-26,29,53.125,0.0,16.5,11.375
4,2019-07-27,28,54.0,0.0,25.375,14.75
4,2019-07-28,32,56.125,0.6,17.0,15.875
4,2019-07-29,32,59.125,1.7,34.75,15.0
4,2019-07-30,31,61.125,2.8,54.25,14.0
4,2019-07-31,30,64.125,9.4,69.5,14.25
4,2019-08-01,31,56.375,2.9,44.125,10.125
4,2019-08-02,28,55.75,0.6,43.125,11.75
4,2019-08-03,28,64.375,1.0,49.5,14.25
4,2019-08-04,31,56.0,0.3,19.875,7.75
4,2019-08-05,28,52.875,0.1,19.5,14.125
4,2019-08-06,28,66.75,7.4,74.5,13.25
4,2019-08-07,30,66.875,9.1,71.375,19.0
4,2019-08-08,30,59.75,11.3,24.625,13.75
4,2019-08-09,29,51.625,0.0,12.0,16.25
4,2019-08-10,28,44.75,0.0,10.75,19.25
4,2019-08-11,28,45.0,0.0,11.125,12.625
4,2019-08-12,30,49.375,0.0,7.5,11.875
4,2019-08-13,27,71.75,14.1,73.375,15.75
4,2019-08-14,26,74.875,11.4,71.75,9.5
4,2019-08-15,26,71.25,5.1,43.875,13.375
4,2019-08-16,27,75.625,0.2,46.75,12.5
4,2019-08-17,29,77.5,3.8,51.875,11.5
4,2019-08-18,31,69.75,8.4,48.25,13.75
4,2019-08-19,30,70.375,24.6,71.0,13.25
4,2019-08-20,30,61.125,0.2,21.875,12.25
4,2019-08-21,31,66.375,4.4,64.125,16.0
4,2019-08-22,32,61.125,8.3,30.125,12.75
4,2019-08-23,26,61.0,11.0,55.125,12.875
4,2019-08-24,26,47.25,0.0,24.75,16.0
4,2019-08-25,24,57.625,0.5,52.5,21.75
4,2019-08-26,23,61.125,0.0,25.375,18.25
4,2019-08-27,23,61.875,0.0,25.125,13.5
4,2019-08-28,27,74.375,0.0,47.25,8.375
4,2019-08-29,28,55.125,0.2,17.375,17.25
4,2019-08-30,29,53.375,0.0,8.125,15.5
4,2019-08-31,27,54.125,0.4,30.75,10.25
4,2019-09-01,24,57.25,0.0,29.875,16.75
4,2019-09-02,27,70.5,11.8,68.375,19.375
4,2019-09-03,28,61.875,1.5,11.5,12.0
4,2019-09-04,29,66.625,0.3,22.625,18.375
4,2019-09-05,23,61.625,0.1,66.875,15.125
4,2019-09-06,22,61.375,0.0,66.375,21.125
4,2019-09-07,25,60.5,0.0,49.625,19.875
4,2019-09-08,25,53.75,0.0,38.75,11.875
4,2019-09-09,20,52.75,0.0,64.125,10.125
4,2019-09-10,23,74.5,0.0,30.125,14.25
4,2019-09-11,29,68.0,0.0,11.875,15.125
4,2019-09-12,27,68.0,3.9,61.375,14.25
4,2019-09-13,21,61.375,0.1,30.875,23.625
4,2019-09-14,23,68.875,0.1,84.25,19.75
4,2019-09-15,30,66.5,8.1,47.5,9.625
4,2019-09-16,27,57.625,0.8,39.25,13.0
4,2019-09-17,25,55.375,0.0,7.375,17.125
4,2019-09-18,21,56.125,0.1,50.625,16.125
4,2019-09-19,25,43.0,0.0,0.0,13.875
4,2019-09-20,27,43.0,0.0,3.125,12.75
4,2019-09-21,28,54.0,0.0,6.375,10.875
4,2019-09-22,27,63.875,0.0,9.875,13.75
4,2019-09-23,29,68.25,3.0,30.0,19.625
4,2019-09-24,24,58.25,5.2,25.375,20.125
4,2019-09-25,27,52.0,0.0,1.0,15.375
4,2019-09-26,26,58.625,0.0,16.375,15.25
4,2019-09-27,25,48.125,0.0,6.75,13.0
4,2019-09-28,27,64.25,0.8,39.875,13.875
4,2019-09-29,27,64.75,0.2,19.625,14.875
4,2019-09-30,20,59.25,0.0,37.75,13.375
4,2019-10-01,24,59.375,0.5,50.875,16.125
4,2019-10-02,29,67.75,1.8,41.625,21.5
4,2019-10-03,17,79.0,8.2,97.0,23.125
4,2019-10-04,19,63.875,8.1,40.25,26.375
4,2019-10-05,17,47.625,0.0,3.125,19.25
4,2019-10-06,20,65.75,0.3,84.125,23.375
4,2019-10-07,24,72.375,3.0,73.375,22.375
4,2019-10-08,19,62.875,5.9,72.5,20.375
4,2019-10-09,15,71.25,13.8,92.75,28.375
4,2019-10-10,13,76.875,3.1,100.0,29.375
4,2019-10-11,15,72.0,1.0,96.5,29.875
4,2019-10-12,19,68.0,0.0,79.875,12.375
4,2019-10-13,19,67.75,0.3,40.875,13.375
4,2019-10-14,23,63.375,0.0,26.0,11.75
4,2019-10-15,19,46.125,0.0,12.25,13.5
4,2019-10-16,18,70.75,32.8,59.375,20.375
4,2019-10-17,15,60.25,67.0,64.5,37.125
4,2019-10-18,15,59.25,0.7,42.875,27.5
4,2019-10-19,19,52.625,0.0,14.5,11.25
4,2019-10-20,16,58.5,0.0,38.375,7.125
4,2019-10-21,18,70.25,0.2,22.375,13.75
4,2019-10-22,16,82.125,1.7,85.625,15.25
4,2019-10-23,16,58.25,10.3,17.75,22.75
4,2019-10-24,18,45.75,0.0,3.75,14.625
4,2019-10-25,18,55.25,0.0,30.875,10.0
4,2019-10-26,17,61.0,0.1,31.875,13.375
4,2019-10-27,19,84.75,37.4,89.5,27.0
4,2019-10-28,19,71.125,0.0,16.625,14.5
4,2019-10-29,16,85.375,7.5,95.5,15.625
4,2019-10-30,18,91.625,5.2,93.25,12.875
4,2019-10-31,19,90.625,16.6,92.625,22.125
4,2019-11-01,14,55.75,24.0,39.125,34.5
4,2019-11-02,14,49.125,0.0,0.0,11.25
4,2019-11-03,11,52.5,0.0,10.375,18.625
4,2019-11-04,12,52.125,0.0,43.625,13.625
4,2019-11-05,15,59.875,0.0,44.375,21.0
4,2019-11-06,12,49.25,0.0,9.625,16.25
4,2019-11-07,13,51.0,0.1,37.375,13.375
4,2019-11-08,4,49.75,0.3,20.875,28.625
4,2019-11-09,5,43.75,0.0,28.125,12.25
4,2019-11-10,11,54.125,0.0,37.0,20.75
4,2019-11-11,15,62.625,0.0,35.0,11.375
4,2019-11-12,11,60.875,0.9,47.5,28.25
4,2019-11-13,1,39.875,0.0,8.125,24.375
4,2019-11-14,8,48.875,0.0,40.0,11.125
4,2019-11-15,10,54.75,0.0,28.375,17.375
4,2019-11-16,3,42.0,0.0,29.875,28.375
4,2019-11-17,6,63.375,0.2,79.0,27.75
4,2019-11-18,5,82.25,12.3,100.0,23.75
4,2019-11-19,11,74.625,10.4,68.75,13.5
4,2019-11-20,8,66.125,0.0,81.5,18.0
4,2019-11-21,10,60.5,0.0,19.75,14.625
4,2019-11-22,12,60.125,0.2,52.25,27.0
4,2019-11-23,8,48.875,0.3,18.375,17.75
4,2019-11-24,8,81.75,20.4,90.375,20.25
4,2019-11-25,11,67.0,0.0,10.0,17.25
4,2019-11-26,14,71.375,0.0,19.375,11.75
4,2019-11-27,13,74.375,0.4,55.875,17.625
4,2019-11-28,8,55.625,0.0,36.125,38.75
4,2019-11-29,7,44.5,0.0,21.5,22.375
4,2019-11-30,6,37.25,0.0,17.125,13.625
4,2019-12-01,7,69.625,21.3,88.25,13.125
4,2019-12-02,6,87.125,8.3,100.0,24.5
4,2019-12-03,3,73.75,3.2,51.0,22.25
4,2019-12-04,3,85.375,0.1,75.375,16.75
4,2019-12-05,5,64.125,0.2,43.625,20.875
4,2019-12-06,5,65.25,0.0,59.375,15.5
4,2019-12-07,3,55.25,0.0,12.0,16.5
4,2019-12-08,5,55.625,0.0,28.875,9.25
4,2019-12-09,12,89.75,14.6,97.125,13.375
4,2019-12-10,15,79.75,19.8,87.25,23.75
4,2019-12-11,3,75.0,15.1,70.875,15.25
4,2019-12-12,2,40.625,0.0,3.375,12.625
4,2019-12-13,7,80.875,0.7,84.25,5.5
4,2019-12-14,12,93.625,7.6,98.375,16.0
4,2019-12-15,7,55.875,0.1,45.5,28.25
4,2019-12-16,2,56.0,3.1,63.625,12.5
4,2019-12-17,10,76.875,23.3,68.5,18.25
4,2019-12-18,3,58.625,0.0,21.875,24.625
4,2019-12-19,-5,65.25,0.0,5.625,22.125
4,2019-12-20,0,73.375,0.0,16.25,12.375
4,2019-12-21,2,62.0,0.0,54.75,6.375
4,2019-12-22,5,66.75,0.0,4.75,11.125
4,2019-12-23,9,75.25,0.0,0.875,12.75
4,2019-12-24,7,67.125,0.0,7.625,12.125
4,2019-12-25,5,59.25,0.0,45.125,5.25
4,2019-12-26,5,76.25,0.0,31.375,8.75
4,2019-12-27,9,88.75,0.5,78.75,9.75
4,2019-12-28,10,72.0,0.0,20.0,10.375
4,2019-12-29,7,64.0,1.3,46.875,8.0
4,2019-12-30,8,93.125,50.8,99.875,21.0
4,2019-12-31,8,71.5,0.1,63.75,17.125
